StationName,Latitude,Longitude,SampleDepth_m,SampleDate,depth_band,measure,value
Yongala,-19.3085,147.6184,0,2009-09-09,0-5m,Ammonium_mgm3,0.8404019999999998
Yongala,-19.3085,147.6184,0,2009-09-09,0-5m,Nitrate_mgm3,0
Yongala,-19.3085,147.6184,10,2009-09-09,5-10m,Ammonium_mgm3,1.4006699999999999
Yongala,-19.3085,147.6184,10,2009-09-09,5-10m,Nitrate_mgm3,0
Yongala,-19.3085,147.6184,20,2009-09-09,10-20m,Ammonium_mgm3,1.6808039999999995
Yongala,-19.3085,147.6184,20,2009-09-09,10-20m,Nitrate_mgm3,0
Yongala,-19.3085,147.6184,0,2009-11-23,0-5m,Ammonium_mgm3,1.4006699999999999
Yongala,-19.3085,147.6184,0,2009-11-23,0-5m,Nitrate_mgm3,0
Yongala,-19.3085,147.6184,10,2009-11-23,5-10m,Ammonium_mgm3,1.2606029999999997
Yongala,-19.3085,147.6184,10,2009-11-23,5-10m,Nitrate_mgm3,0
Yongala,-19.3085,147.6184,20,2009-11-23,10-20m,Ammonium_mgm3,0.9804689999999999
Yongala,-19.3085,147.6184,20,2009-11-23,10-20m,Nitrate_mgm3,0
Yongala,-19.3085,147.6184,0,2009-12-15,0-5m,Ammonium_mgm3,4.762277999999999
Yongala,-19.3085,147.6184,0,2009-12-15,0-5m,Nitrate_mgm3,0
Yongala,-19.3085,147.6184,10,2009-12-15,5-10m,Ammonium_mgm3,3.081473999999999
Yongala,-19.3085,147.6184,10,2009-12-15,5-10m,Nitrate_mgm3,0
Yongala,-19.3085,147.6184,20,2009-12-15,10-20m,Ammonium_mgm3,4.482143999999999
Yongala,-19.3085,147.6184,20,2009-12-15,10-20m,Nitrate_mgm3,0
Yongala,-19.3085,147.6184,0,2010-01-19,0-5m,Ammonium_mgm3,0.28013399999999994
Yongala,-19.3085,147.6184,0,2010-01-19,0-5m,Nitrate_mgm3,0
Yongala,-19.3085,147.6184,10,2010-01-19,5-10m,Ammonium_mgm3,0
Yongala,-19.3085,147.6184,10,2010-01-19,5-10m,Nitrate_mgm3,0
Yongala,-19.3085,147.6184,20,2010-01-19,10-20m,Ammonium_mgm3,0.28013399999999994
Yongala,-19.3085,147.6184,20,2010-01-19,10-20m,Nitrate_mgm3,0
Yongala,-19.3085,147.6184,0,2010-02-24,0-5m,Ammonium_mgm3,0
Yongala,-19.3085,147.6184,0,2010-02-24,0-5m,Nitrate_mgm3,0
Yongala,-19.3085,147.6184,10,2010-02-24,5-10m,Ammonium_mgm3,0
Yongala,-19.3085,147.6184,10,2010-02-24,5-10m,Nitrate_mgm3,0
Yongala,-19.3085,147.6184,20,2010-02-24,10-20m,Ammonium_mgm3,0
Yongala,-19.3085,147.6184,20,2010-02-24,10-20m,Nitrate_mgm3,0
Yongala,-19.3085,147.6184,0,2010-04-13,0-5m,Ammonium_mgm3,0
Yongala,-19.3085,147.6184,0,2010-04-13,0-5m,Nitrate_mgm3,0
Yongala,-19.3085,147.6184,10,2010-04-13,5-10m,Ammonium_mgm3,0.28013399999999994
Yongala,-19.3085,147.6184,10,2010-04-13,5-10m,Nitrate_mgm3,0
Yongala,-19.3085,147.6184,20,2010-04-13,10-20m,Ammonium_mgm3,0.7003349999999999
Yongala,-19.3085,147.6184,20,2010-04-13,10-20m,Nitrate_mgm3,0
Yongala,-19.3085,147.6184,0,2010-05-21,0-5m,Ammonium_mgm3,0.28013399999999994
Yongala,-19.3085,147.6184,0,2010-05-21,0-5m,Nitrate_mgm3,1.4006699999999999
Yongala,-19.3085,147.6184,10,2010-05-21,5-10m,Ammonium_mgm3,0
Yongala,-19.3085,147.6184,10,2010-05-21,5-10m,Nitrate_mgm3,1.4006699999999999
Yongala,-19.3085,147.6184,20,2010-05-21,10-20m,Ammonium_mgm3,0
Yongala,-19.3085,147.6184,20,2010-05-21,10-20m,Nitrate_mgm3,0
Yongala,-19.3085,147.6184,0,2010-07-29,0-5m,Ammonium_mgm3,0.9804689999999999
Yongala,-19.3085,147.6184,0,2010-07-29,0-5m,Nitrate_mgm3,1.4006699999999999
Yongala,-19.3085,147.6184,10,2010-07-29,5-10m,Ammonium_mgm3,0.14006699999999997
Yongala,-19.3085,147.6184,10,2010-07-29,5-10m,Nitrate_mgm3,1.4006699999999999
Yongala,-19.3085,147.6184,20,2010-07-29,10-20m,Ammonium_mgm3,0
Yongala,-19.3085,147.6184,20,2010-07-29,10-20m,Nitrate_mgm3,1.4006699999999999
Yongala,-19.3085,147.6184,0,2010-08-17,0-5m,Ammonium_mgm3,0.8404019999999998
Yongala,-19.3085,147.6184,0,2010-08-17,0-5m,Nitrate_mgm3,0
Yongala,-19.3085,147.6184,10,2010-08-17,5-10m,Ammonium_mgm3,0.4202009999999999
Yongala,-19.3085,147.6184,10,2010-08-17,5-10m,Nitrate_mgm3,0
Yongala,-19.3085,147.6184,20,2010-08-17,10-20m,Ammonium_mgm3,0.28013399999999994
Yongala,-19.3085,147.6184,20,2010-08-17,10-20m,Nitrate_mgm3,0
Yongala,-19.3085,147.6184,0,2010-09-09,0-5m,Ammonium_mgm3,0.28013399999999994
Yongala,-19.3085,147.6184,0,2010-09-09,0-5m,Nitrate_mgm3,0
Yongala,-19.3085,147.6184,10,2010-09-09,5-10m,Ammonium_mgm3,0
Yongala,-19.3085,147.6184,10,2010-09-09,5-10m,Nitrate_mgm3,0
Yongala,-19.3085,147.6184,20,2010-09-09,10-20m,Ammonium_mgm3,0.4202009999999999
Yongala,-19.3085,147.6184,20,2010-09-09,10-20m,Nitrate_mgm3,0
Yongala,-19.3085,147.6184,0,2010-11-01,0-5m,Ammonium_mgm3,0
Yongala,-19.3085,147.6184,0,2010-11-01,0-5m,Nitrate_mgm3,0
Yongala,-19.3085,147.6184,10,2010-11-01,5-10m,Ammonium_mgm3,0.28013399999999994
Yongala,-19.3085,147.6184,10,2010-11-01,5-10m,Nitrate_mgm3,0
Yongala,-19.3085,147.6184,20,2010-11-01,10-20m,Ammonium_mgm3,0
Yongala,-19.3085,147.6184,20,2010-11-01,10-20m,Nitrate_mgm3,0
Yongala,-19.3085,147.6184,0,2010-12-08,0-5m,Ammonium_mgm3,0.5602679999999999
Yongala,-19.3085,147.6184,0,2010-12-08,0-5m,Nitrate_mgm3,1.4006699999999999
Yongala,-19.3085,147.6184,10,2010-12-08,5-10m,Ammonium_mgm3,0.9804689999999999
Yongala,-19.3085,147.6184,10,2010-12-08,5-10m,Nitrate_mgm3,1.4006699999999999
Yongala,-19.3085,147.6184,20,2010-12-08,10-20m,Ammonium_mgm3,0.9804689999999999
Yongala,-19.3085,147.6184,20,2010-12-08,10-20m,Nitrate_mgm3,1.4006699999999999
Yongala,-19.3085,147.6184,0,2011-01-18,0-5m,Ammonium_mgm3,0.4202009999999999
Yongala,-19.3085,147.6184,0,2011-01-18,0-5m,Nitrate_mgm3,2.8013399999999997
Yongala,-19.3085,147.6184,10,2011-01-18,5-10m,Ammonium_mgm3,0.14006699999999997
Yongala,-19.3085,147.6184,10,2011-01-18,5-10m,Nitrate_mgm3,1.4006699999999999
Yongala,-19.3085,147.6184,20,2011-01-18,10-20m,Ammonium_mgm3,1.9609379999999998
Yongala,-19.3085,147.6184,20,2011-01-18,10-20m,Nitrate_mgm3,1.4006699999999999
Yongala,-19.3085,147.6184,0,2011-02-17,0-5m,Ammonium_mgm3,0.14006699999999997
Yongala,-19.3085,147.6184,0,2011-02-17,0-5m,Nitrate_mgm3,1.4006699999999999
Yongala,-19.3085,147.6184,10,2011-02-17,5-10m,Ammonium_mgm3,0.9804689999999999
Yongala,-19.3085,147.6184,10,2011-02-17,5-10m,Nitrate_mgm3,1.4006699999999999
Yongala,-19.3085,147.6184,20,2011-02-17,10-20m,Ammonium_mgm3,0
Yongala,-19.3085,147.6184,20,2011-02-17,10-20m,Nitrate_mgm3,1.4006699999999999
Yongala,-19.3085,147.6184,0,2011-03-23,0-5m,Ammonium_mgm3,1.2606029999999997
Yongala,-19.3085,147.6184,0,2011-03-23,0-5m,Nitrate_mgm3,2.8013399999999997
Yongala,-19.3085,147.6184,10,2011-03-23,5-10m,Ammonium_mgm3,0
Yongala,-19.3085,147.6184,10,2011-03-23,5-10m,Nitrate_mgm3,1.4006699999999999
Yongala,-19.3085,147.6184,20,2011-03-23,10-20m,Ammonium_mgm3,0.8404019999999998
Yongala,-19.3085,147.6184,20,2011-03-23,10-20m,Nitrate_mgm3,9.804689999999997
Yongala,-19.3085,147.6184,0,2011-04-14,0-5m,Ammonium_mgm3,1.1205359999999998
Yongala,-19.3085,147.6184,0,2011-04-14,0-5m,Nitrate_mgm3,2.8013399999999997
Yongala,-19.3085,147.6184,10,2011-04-14,5-10m,Ammonium_mgm3,0.28013399999999994
Yongala,-19.3085,147.6184,10,2011-04-14,5-10m,Nitrate_mgm3,2.8013399999999997
Yongala,-19.3085,147.6184,20,2011-04-14,10-20m,Ammonium_mgm3,0.28013399999999994
Yongala,-19.3085,147.6184,20,2011-04-14,10-20m,Nitrate_mgm3,1.4006699999999999
Yongala,-19.3085,147.6184,0,2011-05-27,0-5m,Ammonium_mgm3,0.28013399999999994
Yongala,-19.3085,147.6184,0,2011-05-27,0-5m,Nitrate_mgm3,1.4006699999999999
Yongala,-19.3085,147.6184,10,2011-05-27,5-10m,Ammonium_mgm3,0.14006699999999997
Yongala,-19.3085,147.6184,10,2011-05-27,5-10m,Nitrate_mgm3,1.4006699999999999
Yongala,-19.3085,147.6184,20,2011-05-27,10-20m,Ammonium_mgm3,0
Yongala,-19.3085,147.6184,20,2011-05-27,10-20m,Nitrate_mgm3,1.4006699999999999
Yongala,-19.3085,147.6184,0,2011-06-16,0-5m,Ammonium_mgm3,0.14006699999999997
Yongala,-19.3085,147.6184,0,2011-06-16,0-5m,Nitrate_mgm3,1.4006699999999999
Yongala,-19.3085,147.6184,10,2011-06-16,5-10m,Ammonium_mgm3,0.7003349999999999
Yongala,-19.3085,147.6184,10,2011-06-16,5-10m,Nitrate_mgm3,1.4006699999999999
Yongala,-19.3085,147.6184,20,2011-06-16,10-20m,Ammonium_mgm3,0.7003349999999999
Yongala,-19.3085,147.6184,20,2011-06-16,10-20m,Nitrate_mgm3,1.4006699999999999
Yongala,-19.3085,147.6184,0,2011-07-20,0-5m,Ammonium_mgm3,0
Yongala,-19.3085,147.6184,0,2011-07-20,0-5m,Nitrate_mgm3,0
Yongala,-19.3085,147.6184,10,2011-07-20,5-10m,Ammonium_mgm3,0
Yongala,-19.3085,147.6184,10,2011-07-20,5-10m,Nitrate_mgm3,1.4006699999999999
Yongala,-19.3085,147.6184,20,2011-07-20,10-20m,Ammonium_mgm3,0.4202009999999999
Yongala,-19.3085,147.6184,20,2011-07-20,10-20m,Nitrate_mgm3,1.4006699999999999
Yongala,-19.3085,147.6184,0,2011-08-11,0-5m,Ammonium_mgm3,0
Yongala,-19.3085,147.6184,0,2011-08-11,0-5m,Nitrate_mgm3,1.4006699999999999
Yongala,-19.3085,147.6184,10,2011-08-11,5-10m,Ammonium_mgm3,0
Yongala,-19.3085,147.6184,10,2011-08-11,5-10m,Nitrate_mgm3,1.4006699999999999
Yongala,-19.3085,147.6184,20,2011-08-11,10-20m,Ammonium_mgm3,0.28013399999999994
Yongala,-19.3085,147.6184,20,2011-08-11,10-20m,Nitrate_mgm3,1.4006699999999999
Yongala,-19.3085,147.6184,0,2011-09-08,0-5m,Ammonium_mgm3,0.5602679999999999
Yongala,-19.3085,147.6184,0,2011-09-08,0-5m,Nitrate_mgm3,0
Yongala,-19.3085,147.6184,10,2011-09-08,5-10m,Ammonium_mgm3,0.5602679999999999
Yongala,-19.3085,147.6184,10,2011-09-08,5-10m,Nitrate_mgm3,0
Yongala,-19.3085,147.6184,20,2011-09-08,10-20m,Ammonium_mgm3,0.5602679999999999
Yongala,-19.3085,147.6184,20,2011-09-08,10-20m,Nitrate_mgm3,0
Yongala,-19.3085,147.6184,0,2011-10-27,0-5m,Ammonium_mgm3,1.4006699999999999
Yongala,-19.3085,147.6184,0,2011-10-27,0-5m,Nitrate_mgm3,0
Yongala,-19.3085,147.6184,10,2011-10-27,5-10m,Ammonium_mgm3,0.9804689999999999
Yongala,-19.3085,147.6184,10,2011-10-27,5-10m,Nitrate_mgm3,0
Yongala,-19.3085,147.6184,20,2011-10-27,10-20m,Ammonium_mgm3,1.2606029999999997
Yongala,-19.3085,147.6184,20,2011-10-27,10-20m,Nitrate_mgm3,0
Yongala,-19.3085,147.6184,0,2011-12-13,0-5m,Ammonium_mgm3,1.2606029999999997
Yongala,-19.3085,147.6184,0,2011-12-13,0-5m,Nitrate_mgm3,0
Yongala,-19.3085,147.6184,10,2011-12-13,5-10m,Ammonium_mgm3,1.2606029999999997
Yongala,-19.3085,147.6184,10,2011-12-13,5-10m,Nitrate_mgm3,0
Yongala,-19.3085,147.6184,20,2011-12-13,10-20m,Ammonium_mgm3,1.9609379999999998
Yongala,-19.3085,147.6184,20,2011-12-13,10-20m,Nitrate_mgm3,0
Yongala,-19.3085,147.6184,0,2012-01-12,0-5m,Ammonium_mgm3,1.2606029999999997
Yongala,-19.3085,147.6184,0,2012-01-12,0-5m,Nitrate_mgm3,0
Yongala,-19.3085,147.6184,10,2012-01-12,5-10m,Ammonium_mgm3,1.5407369999999996
Yongala,-19.3085,147.6184,10,2012-01-12,5-10m,Nitrate_mgm3,0
Yongala,-19.3085,147.6184,20,2012-01-12,10-20m,Ammonium_mgm3,1.2606029999999997
Yongala,-19.3085,147.6184,20,2012-01-12,10-20m,Nitrate_mgm3,0
Yongala,-19.3085,147.6184,0,2012-02-08,0-5m,Ammonium_mgm3,0.9804689999999999
Yongala,-19.3085,147.6184,0,2012-02-08,0-5m,Nitrate_mgm3,0
Yongala,-19.3085,147.6184,10,2012-02-08,5-10m,Ammonium_mgm3,0.9804689999999999
Yongala,-19.3085,147.6184,10,2012-02-08,5-10m,Nitrate_mgm3,0
Yongala,-19.3085,147.6184,20,2012-02-08,10-20m,Ammonium_mgm3,0.9804689999999999
Yongala,-19.3085,147.6184,20,2012-02-08,10-20m,Nitrate_mgm3,0
Yongala,-19.3085,147.6184,0,2012-04-02,0-5m,Ammonium_mgm3,1.1205359999999998
Yongala,-19.3085,147.6184,0,2012-04-02,0-5m,Nitrate_mgm3,0
Yongala,-19.3085,147.6184,10,2012-04-02,5-10m,Ammonium_mgm3,0.9804689999999999
Yongala,-19.3085,147.6184,10,2012-04-02,5-10m,Nitrate_mgm3,0
Yongala,-19.3085,147.6184,20,2012-04-02,10-20m,Ammonium_mgm3,0.8404019999999998
Yongala,-19.3085,147.6184,20,2012-04-02,10-20m,Nitrate_mgm3,0
Yongala,-19.3085,147.6184,0,2012-04-24,0-5m,Ammonium_mgm3,1.8208709999999997
Yongala,-19.3085,147.6184,0,2012-04-24,0-5m,Nitrate_mgm3,0
Yongala,-19.3085,147.6184,10,2012-04-24,5-10m,Ammonium_mgm3,1.1205359999999998
Yongala,-19.3085,147.6184,10,2012-04-24,5-10m,Nitrate_mgm3,0
Yongala,-19.3085,147.6184,20,2012-04-24,10-20m,Ammonium_mgm3,1.9609379999999998
Yongala,-19.3085,147.6184,20,2012-04-24,10-20m,Nitrate_mgm3,0
Yongala,-19.3085,147.6184,0,2012-06-04,0-5m,Ammonium_mgm3,2.2410719999999995
Yongala,-19.3085,147.6184,0,2012-06-04,0-5m,Nitrate_mgm3,0
Yongala,-19.3085,147.6184,10,2012-06-04,5-10m,Ammonium_mgm3,1.8208709999999997
Yongala,-19.3085,147.6184,10,2012-06-04,5-10m,Nitrate_mgm3,2.8013399999999997
Yongala,-19.3085,147.6184,20,2012-06-04,10-20m,Ammonium_mgm3,3.501674999999999
Yongala,-19.3085,147.6184,20,2012-06-04,10-20m,Nitrate_mgm3,1.4006699999999999
Yongala,-19.3085,147.6184,0,2012-06-15,0-5m,Ammonium_mgm3,2.9414069999999994
Yongala,-19.3085,147.6184,0,2012-06-15,0-5m,Nitrate_mgm3,0
Yongala,-19.3085,147.6184,10,2012-06-15,5-10m,Ammonium_mgm3,0
Yongala,-19.3085,147.6184,10,2012-06-15,5-10m,Nitrate_mgm3,0
Yongala,-19.3085,147.6184,20,2012-06-15,10-20m,Ammonium_mgm3,7.143416999999999
Yongala,-19.3085,147.6184,20,2012-06-15,10-20m,Nitrate_mgm3,0
Yongala,-19.3085,147.6184,0,2012-07-26,0-5m,Ammonium_mgm3,0
Yongala,-19.3085,147.6184,0,2012-07-26,0-5m,Nitrate_mgm3,2.8013399999999997
Yongala,-19.3085,147.6184,10,2012-07-26,5-10m,Ammonium_mgm3,0
Yongala,-19.3085,147.6184,10,2012-07-26,5-10m,Nitrate_mgm3,0
Yongala,-19.3085,147.6184,20,2012-07-26,10-20m,Ammonium_mgm3,13.446431999999996
Yongala,-19.3085,147.6184,20,2012-07-26,10-20m,Nitrate_mgm3,1.4006699999999999
Yongala,-19.3085,147.6184,0,2012-08-16,0-5m,Ammonium_mgm3,0
Yongala,-19.3085,147.6184,0,2012-08-16,0-5m,Nitrate_mgm3,0
Yongala,-19.3085,147.6184,10,2012-08-16,5-10m,Ammonium_mgm3,0
Yongala,-19.3085,147.6184,10,2012-08-16,5-10m,Nitrate_mgm3,1.4006699999999999
Yongala,-19.3085,147.6184,20,2012-08-16,10-20m,Ammonium_mgm3,0
Yongala,-19.3085,147.6184,20,2012-08-16,10-20m,Nitrate_mgm3,1.4006699999999999
Yongala,-19.3085,147.6184,0,2012-09-18,0-5m,Ammonium_mgm3,1.8208709999999997
Yongala,-19.3085,147.6184,0,2012-09-18,0-5m,Nitrate_mgm3,0
Yongala,-19.3085,147.6184,10,2012-09-18,5-10m,Ammonium_mgm3,1.1205359999999998
Yongala,-19.3085,147.6184,10,2012-09-18,5-10m,Nitrate_mgm3,0
Yongala,-19.3085,147.6184,20,2012-09-18,10-20m,Ammonium_mgm3,0.5602679999999999
Yongala,-19.3085,147.6184,20,2012-09-18,10-20m,Nitrate_mgm3,0
Yongala,-19.3085,147.6184,0,2012-10-26,0-5m,Ammonium_mgm3,0.7003349999999999
Yongala,-19.3085,147.6184,0,2012-10-26,0-5m,Nitrate_mgm3,0
Yongala,-19.3085,147.6184,10,2012-10-26,5-10m,Ammonium_mgm3,1.4006699999999999
Yongala,-19.3085,147.6184,10,2012-10-26,5-10m,Nitrate_mgm3,0
Yongala,-19.3085,147.6184,20,2012-10-26,10-20m,Ammonium_mgm3,0.8404019999999998
Yongala,-19.3085,147.6184,20,2012-10-26,10-20m,Nitrate_mgm3,0
Yongala,-19.3085,147.6184,0,2012-11-29,0-5m,Ammonium_mgm3,1.9609379999999998
Yongala,-19.3085,147.6184,0,2012-11-29,0-5m,Nitrate_mgm3,0
Yongala,-19.3085,147.6184,10,2012-11-29,5-10m,Ammonium_mgm3,0.7003349999999999
Yongala,-19.3085,147.6184,10,2012-11-29,5-10m,Nitrate_mgm3,0
Yongala,-19.3085,147.6184,20,2012-11-29,10-20m,Ammonium_mgm3,0.9804689999999999
Yongala,-19.3085,147.6184,20,2012-11-29,10-20m,Nitrate_mgm3,0
Yongala,-19.3085,147.6184,0,2012-12-19,0-5m,Ammonium_mgm3,1.1205359999999998
Yongala,-19.3085,147.6184,0,2012-12-19,0-5m,Nitrate_mgm3,0
Yongala,-19.3085,147.6184,10,2012-12-19,5-10m,Ammonium_mgm3,2.9414069999999994
Yongala,-19.3085,147.6184,10,2012-12-19,5-10m,Nitrate_mgm3,0
Yongala,-19.3085,147.6184,20,2012-12-19,10-20m,Ammonium_mgm3,0.9804689999999999
Yongala,-19.3085,147.6184,20,2012-12-19,10-20m,Nitrate_mgm3,0
Yongala,-19.3085,147.6184,0,2013-01-31,0-5m,Ammonium_mgm3,3.081473999999999
Yongala,-19.3085,147.6184,0,2013-01-31,0-5m,Nitrate_mgm3,0
Yongala,-19.3085,147.6184,10,2013-01-31,5-10m,Ammonium_mgm3,0.9804689999999999
Yongala,-19.3085,147.6184,10,2013-01-31,5-10m,Nitrate_mgm3,0
Yongala,-19.3085,147.6184,20,2013-01-31,10-20m,Ammonium_mgm3,0.7003349999999999
Yongala,-19.3085,147.6184,20,2013-01-31,10-20m,Nitrate_mgm3,0
Yongala,-19.3085,147.6184,0,2013-02-20,0-5m,Ammonium_mgm3,1.9609379999999998
Yongala,-19.3085,147.6184,0,2013-02-20,0-5m,Nitrate_mgm3,0
Yongala,-19.3085,147.6184,10,2013-02-20,5-10m,Ammonium_mgm3,0.7003349999999999
Yongala,-19.3085,147.6184,10,2013-02-20,5-10m,Nitrate_mgm3,0
Yongala,-19.3085,147.6184,20,2013-02-20,10-20m,Ammonium_mgm3,6.162947999999998
Yongala,-19.3085,147.6184,20,2013-02-20,10-20m,Nitrate_mgm3,0
Yongala,-19.3085,147.6184,0,2013-04-16,0-5m,Ammonium_mgm3,1.4006699999999999
Yongala,-19.3085,147.6184,0,2013-04-16,0-5m,Nitrate_mgm3,0
Yongala,-19.3085,147.6184,10,2013-04-16,5-10m,Ammonium_mgm3,0.8404019999999998
Yongala,-19.3085,147.6184,10,2013-04-16,5-10m,Nitrate_mgm3,0
Yongala,-19.3085,147.6184,20,2013-04-16,10-20m,Ammonium_mgm3,0.7003349999999999
Yongala,-19.3085,147.6184,20,2013-04-16,10-20m,Nitrate_mgm3,0
Yongala,-19.3085,147.6184,0,2013-05-15,0-5m,Ammonium_mgm3,3.9218759999999997
Yongala,-19.3085,147.6184,0,2013-05-15,0-5m,Nitrate_mgm3,0
Yongala,-19.3085,147.6184,10,2013-05-15,5-10m,Ammonium_mgm3,3.361607999999999
Yongala,-19.3085,147.6184,10,2013-05-15,5-10m,Nitrate_mgm3,0
Yongala,-19.3085,147.6184,20,2013-05-15,10-20m,Ammonium_mgm3,1.4006699999999999
Yongala,-19.3085,147.6184,20,2013-05-15,10-20m,Nitrate_mgm3,0
Yongala,-19.3085,147.6184,0,2013-06-11,0-5m,Ammonium_mgm3,6.583148999999998
Yongala,-19.3085,147.6184,0,2013-06-11,0-5m,Nitrate_mgm3,0
Yongala,-19.3085,147.6184,10,2013-06-11,5-10m,Ammonium_mgm3,3.081473999999999
Yongala,-19.3085,147.6184,10,2013-06-11,5-10m,Nitrate_mgm3,0
Yongala,-19.3085,147.6184,20,2013-06-11,10-20m,Ammonium_mgm3,1.6808039999999995
Yongala,-19.3085,147.6184,20,2013-06-11,10-20m,Nitrate_mgm3,0
Yongala,-19.3085,147.6184,0,2013-07-19,0-5m,Ammonium_mgm3,0.9804689999999999
Yongala,-19.3085,147.6184,0,2013-07-19,0-5m,Nitrate_mgm3,0
Yongala,-19.3085,147.6184,10,2013-07-19,5-10m,Ammonium_mgm3,1.2606029999999997
Yongala,-19.3085,147.6184,10,2013-07-19,5-10m,Nitrate_mgm3,0
Yongala,-19.3085,147.6184,20,2013-07-19,10-20m,Ammonium_mgm3,0.8404019999999998
Yongala,-19.3085,147.6184,20,2013-07-19,10-20m,Nitrate_mgm3,0
Yongala,-19.3085,147.6184,0,2013-08-08,0-5m,Ammonium_mgm3,0
Yongala,-19.3085,147.6184,0,2013-08-08,0-5m,Nitrate_mgm3,0
Yongala,-19.3085,147.6184,10,2013-08-08,5-10m,Ammonium_mgm3,1.1205359999999998
Yongala,-19.3085,147.6184,10,2013-08-08,5-10m,Nitrate_mgm3,0
Yongala,-19.3085,147.6184,20,2013-08-08,10-20m,Ammonium_mgm3,1.1205359999999998
Yongala,-19.3085,147.6184,20,2013-08-08,10-20m,Nitrate_mgm3,0
Yongala,-19.3085,147.6184,0,2013-09-12,0-5m,Ammonium_mgm3,3.361607999999999
Yongala,-19.3085,147.6184,0,2013-09-12,0-5m,Nitrate_mgm3,0
Yongala,-19.3085,147.6184,10,2013-09-12,5-10m,Ammonium_mgm3,1.2606029999999997
Yongala,-19.3085,147.6184,10,2013-09-12,5-10m,Nitrate_mgm3,0
Yongala,-19.3085,147.6184,20,2013-09-12,10-20m,Ammonium_mgm3,1.2606029999999997
Yongala,-19.3085,147.6184,20,2013-09-12,10-20m,Nitrate_mgm3,0
Yongala,-19.3085,147.6184,0,2013-10-15,0-5m,Ammonium_mgm3,4.342076999999999
Yongala,-19.3085,147.6184,0,2013-10-15,0-5m,Nitrate_mgm3,0
Yongala,-19.3085,147.6184,10,2013-10-15,5-10m,Ammonium_mgm3,1.1205359999999998
Yongala,-19.3085,147.6184,10,2013-10-15,5-10m,Nitrate_mgm3,0
Yongala,-19.3085,147.6184,20,2013-10-15,10-20m,Ammonium_mgm3,2.2410719999999995
Yongala,-19.3085,147.6184,20,2013-10-15,10-20m,Nitrate_mgm3,0
Yongala,-19.3085,147.6184,0,2013-11-14,0-5m,Ammonium_mgm3,0.9804689999999999
Yongala,-19.3085,147.6184,0,2013-11-14,0-5m,Nitrate_mgm3,0
Yongala,-19.3085,147.6184,10,2013-11-14,5-10m,Ammonium_mgm3,1.1205359999999998
Yongala,-19.3085,147.6184,10,2013-11-14,5-10m,Nitrate_mgm3,0
Yongala,-19.3085,147.6184,20,2013-11-14,10-20m,Ammonium_mgm3,1.1205359999999998
Yongala,-19.3085,147.6184,20,2013-11-14,10-20m,Nitrate_mgm3,0
Yongala,-19.3085,147.6184,0,2013-12-05,0-5m,Ammonium_mgm3,0
Yongala,-19.3085,147.6184,0,2013-12-05,0-5m,Nitrate_mgm3,0
Yongala,-19.3085,147.6184,10,2013-12-05,5-10m,Ammonium_mgm3,0
Yongala,-19.3085,147.6184,10,2013-12-05,5-10m,Nitrate_mgm3,0
Yongala,-19.3085,147.6184,20,2013-12-05,10-20m,Ammonium_mgm3,0.14006699999999997
Yongala,-19.3085,147.6184,20,2013-12-05,10-20m,Nitrate_mgm3,0
Yongala,-19.3085,147.6184,0,2014-01-22,0-5m,Ammonium_mgm3,0.14006699999999997
Yongala,-19.3085,147.6184,0,2014-01-22,0-5m,Nitrate_mgm3,0
Yongala,-19.3085,147.6184,10,2014-01-22,5-10m,Ammonium_mgm3,0.28013399999999994
Yongala,-19.3085,147.6184,10,2014-01-22,5-10m,Nitrate_mgm3,0
Yongala,-19.3085,147.6184,20,2014-01-22,10-20m,Ammonium_mgm3,0
Yongala,-19.3085,147.6184,20,2014-01-22,10-20m,Nitrate_mgm3,0
Yongala,-19.3085,147.6184,0,2014-02-20,0-5m,Ammonium_mgm3,0.14006699999999997
Yongala,-19.3085,147.6184,0,2014-02-20,0-5m,Nitrate_mgm3,0
Yongala,-19.3085,147.6184,10,2014-02-20,5-10m,Ammonium_mgm3,0
Yongala,-19.3085,147.6184,10,2014-02-20,5-10m,Nitrate_mgm3,0
Yongala,-19.3085,147.6184,20,2014-02-20,10-20m,Ammonium_mgm3,0
Yongala,-19.3085,147.6184,20,2014-02-20,10-20m,Nitrate_mgm3,0
Yongala,-19.3085,147.6184,0,2014-03-17,0-5m,Ammonium_mgm3,3.081473999999999
Yongala,-19.3085,147.6184,0,2014-03-17,0-5m,Nitrate_mgm3,1.4006699999999999
Yongala,-19.3085,147.6184,10,2014-03-17,5-10m,Ammonium_mgm3,2.9414069999999994
Yongala,-19.3085,147.6184,10,2014-03-17,5-10m,Nitrate_mgm3,1.4006699999999999
Yongala,-19.3085,147.6184,20,2014-03-17,10-20m,Ammonium_mgm3,4.202009999999999
Yongala,-19.3085,147.6184,20,2014-03-17,10-20m,Nitrate_mgm3,1.4006699999999999
Yongala,-19.3085,147.6184,0,2014-05-01,0-5m,Ammonium_mgm3,2.3811389999999997
Yongala,-19.3085,147.6184,0,2014-05-01,0-5m,Nitrate_mgm3,1.4006699999999999
Yongala,-19.3085,147.6184,10,2014-05-01,5-10m,Ammonium_mgm3,2.6612729999999996
Yongala,-19.3085,147.6184,10,2014-05-01,5-10m,Nitrate_mgm3,1.4006699999999999
Yongala,-19.3085,147.6184,20,2014-05-01,10-20m,Ammonium_mgm3,2.5212059999999994
Yongala,-19.3085,147.6184,20,2014-05-01,10-20m,Nitrate_mgm3,1.4006699999999999
Yongala,-19.3085,147.6184,0,2014-05-27,0-5m,Ammonium_mgm3,3.7818089999999995
Yongala,-19.3085,147.6184,0,2014-05-27,0-5m,Nitrate_mgm3,1.4006699999999999
Yongala,-19.3085,147.6184,10,2014-05-27,5-10m,Ammonium_mgm3,2.8013399999999997
Yongala,-19.3085,147.6184,10,2014-05-27,5-10m,Nitrate_mgm3,1.4006699999999999
Yongala,-19.3085,147.6184,20,2014-05-27,10-20m,Ammonium_mgm3,2.3811389999999997
Yongala,-19.3085,147.6184,20,2014-05-27,10-20m,Nitrate_mgm3,1.4006699999999999
Yongala,-19.3085,147.6184,0,2014-06-24,0-5m,Ammonium_mgm3,2.3811389999999997
Yongala,-19.3085,147.6184,0,2014-06-24,0-5m,Nitrate_mgm3,1.4006699999999999
Yongala,-19.3085,147.6184,10,2014-06-24,5-10m,Ammonium_mgm3,2.2410719999999995
Yongala,-19.3085,147.6184,10,2014-06-24,5-10m,Nitrate_mgm3,1.4006699999999999
Yongala,-19.3085,147.6184,20,2014-06-24,10-20m,Ammonium_mgm3,2.3811389999999997
Yongala,-19.3085,147.6184,20,2014-06-24,10-20m,Nitrate_mgm3,1.4006699999999999
Yongala,-19.3085,147.6184,0,2014-07-17,0-5m,Ammonium_mgm3,2.9414069999999994
Yongala,-19.3085,147.6184,0,2014-07-17,0-5m,Nitrate_mgm3,1.4006699999999999
Yongala,-19.3085,147.6184,10,2014-07-17,5-10m,Ammonium_mgm3,5.462612999999999
Yongala,-19.3085,147.6184,10,2014-07-17,5-10m,Nitrate_mgm3,1.4006699999999999
Yongala,-19.3085,147.6184,20,2014-07-17,10-20m,Ammonium_mgm3,2.2410719999999995
Yongala,-19.3085,147.6184,20,2014-07-17,10-20m,Nitrate_mgm3,1.4006699999999999
Yongala,-19.3085,147.6184,0,2014-08-20,0-5m,Ammonium_mgm3,2.6612729999999996
Yongala,-19.3085,147.6184,0,2014-08-20,0-5m,Nitrate_mgm3,0
Yongala,-19.3085,147.6184,10,2014-08-20,5-10m,Ammonium_mgm3,2.6612729999999996
Yongala,-19.3085,147.6184,10,2014-08-20,5-10m,Nitrate_mgm3,0
Yongala,-19.3085,147.6184,20,2014-08-20,10-20m,Ammonium_mgm3,2.8013399999999997
Yongala,-19.3085,147.6184,20,2014-08-20,10-20m,Nitrate_mgm3,0
Yongala,-19.3085,147.6184,0,2014-09-10,0-5m,Ammonium_mgm3,2.6612729999999996
Yongala,-19.3085,147.6184,0,2014-09-10,0-5m,Nitrate_mgm3,0
Yongala,-19.3085,147.6184,10,2014-09-10,5-10m,Ammonium_mgm3,2.2410719999999995
Yongala,-19.3085,147.6184,10,2014-09-10,5-10m,Nitrate_mgm3,0
Yongala,-19.3085,147.6184,20,2014-09-10,10-20m,Ammonium_mgm3,2.6612729999999996
Yongala,-19.3085,147.6184,20,2014-09-10,10-20m,Nitrate_mgm3,0
Yongala,-19.3085,147.6184,0,2014-10-14,0-5m,Ammonium_mgm3,0.5602679999999999
Yongala,-19.3085,147.6184,0,2014-10-14,0-5m,Nitrate_mgm3,1.4006699999999999
Yongala,-19.3085,147.6184,10,2014-10-14,5-10m,Ammonium_mgm3,1.1205359999999998
Yongala,-19.3085,147.6184,10,2014-10-14,5-10m,Nitrate_mgm3,0
Yongala,-19.3085,147.6184,20,2014-10-14,10-20m,Ammonium_mgm3,1.4006699999999999
Yongala,-19.3085,147.6184,20,2014-10-14,10-20m,Nitrate_mgm3,0
Yongala,-19.3085,147.6184,0,2014-11-21,0-5m,Ammonium_mgm3,0.4202009999999999
Yongala,-19.3085,147.6184,0,2014-11-21,0-5m,Nitrate_mgm3,0
Yongala,-19.3085,147.6184,10,2014-11-21,5-10m,Ammonium_mgm3,0.5602679999999999
Yongala,-19.3085,147.6184,10,2014-11-21,5-10m,Nitrate_mgm3,0
Yongala,-19.3085,147.6184,20,2014-11-21,10-20m,Ammonium_mgm3,0.4202009999999999
Yongala,-19.3085,147.6184,20,2014-11-21,10-20m,Nitrate_mgm3,0
Yongala,-19.3085,147.6184,0,2014-12-09,0-5m,Ammonium_mgm3,0.14006699999999997
Yongala,-19.3085,147.6184,0,2014-12-09,0-5m,Nitrate_mgm3,0
Yongala,-19.3085,147.6184,10,2014-12-09,5-10m,Ammonium_mgm3,0
Yongala,-19.3085,147.6184,10,2014-12-09,5-10m,Nitrate_mgm3,0
Yongala,-19.3085,147.6184,20,2014-12-09,10-20m,Ammonium_mgm3,0.28013399999999994
Yongala,-19.3085,147.6184,20,2014-12-09,10-20m,Nitrate_mgm3,0
Yongala,-19.3085,147.6184,0,2015-01-19,0-5m,Ammonium_mgm3,1.1205359999999998
Yongala,-19.3085,147.6184,0,2015-01-19,0-5m,Nitrate_mgm3,4.202009999999999
Yongala,-19.3085,147.6184,10,2015-01-19,5-10m,Ammonium_mgm3,1.2606029999999997
Yongala,-19.3085,147.6184,10,2015-01-19,5-10m,Nitrate_mgm3,0
Yongala,-19.3085,147.6184,20,2015-01-19,10-20m,Ammonium_mgm3,0.4202009999999999
Yongala,-19.3085,147.6184,20,2015-01-19,10-20m,Nitrate_mgm3,0
Yongala,-19.3085,147.6184,0,2015-02-24,0-5m,Ammonium_mgm3,1.6808039999999995
Yongala,-19.3085,147.6184,0,2015-02-24,0-5m,Nitrate_mgm3,0
Yongala,-19.3085,147.6184,10,2015-02-24,5-10m,Ammonium_mgm3,1.8208709999999997
Yongala,-19.3085,147.6184,10,2015-02-24,5-10m,Nitrate_mgm3,0
Yongala,-19.3085,147.6184,20,2015-02-24,10-20m,Ammonium_mgm3,3.501674999999999
Yongala,-19.3085,147.6184,20,2015-02-24,10-20m,Nitrate_mgm3,0
Yongala,-19.3085,147.6184,0,2015-03-24,0-5m,Ammonium_mgm3,0.8404019999999998
Yongala,-19.3085,147.6184,0,2015-03-24,0-5m,Nitrate_mgm3,0
Yongala,-19.3085,147.6184,10,2015-03-24,5-10m,Ammonium_mgm3,0.9804689999999999
Yongala,-19.3085,147.6184,10,2015-03-24,5-10m,Nitrate_mgm3,0
Yongala,-19.3085,147.6184,20,2015-03-24,10-20m,Ammonium_mgm3,1.4006699999999999
Yongala,-19.3085,147.6184,20,2015-03-24,10-20m,Nitrate_mgm3,0
Yongala,-19.3085,147.6184,0,2015-04-30,0-5m,Ammonium_mgm3,0.7003349999999999
Yongala,-19.3085,147.6184,0,2015-04-30,0-5m,Nitrate_mgm3,0
Yongala,-19.3085,147.6184,10,2015-04-30,5-10m,Ammonium_mgm3,0.7003349999999999
Yongala,-19.3085,147.6184,10,2015-04-30,5-10m,Nitrate_mgm3,0
Yongala,-19.3085,147.6184,20,2015-04-30,10-20m,Ammonium_mgm3,0.9804689999999999
Yongala,-19.3085,147.6184,20,2015-04-30,10-20m,Nitrate_mgm3,0
Yongala,-19.3085,147.6184,0,2015-06-01,0-5m,Ammonium_mgm3,0.7003349999999999
Yongala,-19.3085,147.6184,0,2015-06-01,0-5m,Nitrate_mgm3,0
Yongala,-19.3085,147.6184,10,2015-06-01,5-10m,Ammonium_mgm3,0.7003349999999999
Yongala,-19.3085,147.6184,10,2015-06-01,5-10m,Nitrate_mgm3,0
Yongala,-19.3085,147.6184,20,2015-06-01,10-20m,Ammonium_mgm3,0.7003349999999999
Yongala,-19.3085,147.6184,20,2015-06-01,10-20m,Nitrate_mgm3,0
Yongala,-19.3085,147.6184,0,2015-06-18,0-5m,Ammonium_mgm3,0.8404019999999998
Yongala,-19.3085,147.6184,0,2015-06-18,0-5m,Nitrate_mgm3,0
Yongala,-19.3085,147.6184,10,2015-06-18,5-10m,Ammonium_mgm3,1.1205359999999998
Yongala,-19.3085,147.6184,10,2015-06-18,5-10m,Nitrate_mgm3,0
Yongala,-19.3085,147.6184,20,2015-06-18,10-20m,Ammonium_mgm3,1.4006699999999999
Yongala,-19.3085,147.6184,20,2015-06-18,10-20m,Nitrate_mgm3,0
Yongala,-19.3085,147.6184,0,2015-08-04,0-5m,Ammonium_mgm3,1.1205359999999998
Yongala,-19.3085,147.6184,0,2015-08-04,0-5m,Nitrate_mgm3,5.602679999999999
Yongala,-19.3085,147.6184,10,2015-08-04,5-10m,Ammonium_mgm3,1.4006699999999999
Yongala,-19.3085,147.6184,10,2015-08-04,5-10m,Nitrate_mgm3,0
Yongala,-19.3085,147.6184,20,2015-08-04,10-20m,Ammonium_mgm3,1.9609379999999998
Yongala,-19.3085,147.6184,20,2015-08-04,10-20m,Nitrate_mgm3,0
Yongala,-19.3085,147.6184,0,2015-08-25,0-5m,Ammonium_mgm3,0
Yongala,-19.3085,147.6184,0,2015-08-25,0-5m,Nitrate_mgm3,0
Yongala,-19.3085,147.6184,10,2015-08-25,5-10m,Ammonium_mgm3,0.14006699999999997
Yongala,-19.3085,147.6184,10,2015-08-25,5-10m,Nitrate_mgm3,0
Yongala,-19.3085,147.6184,20,2015-08-25,10-20m,Ammonium_mgm3,0.28013399999999994
Yongala,-19.3085,147.6184,20,2015-08-25,10-20m,Nitrate_mgm3,0
Yongala,-19.3085,147.6184,0,2015-09-23,0-5m,Ammonium_mgm3,0.28013399999999994
Yongala,-19.3085,147.6184,0,2015-09-23,0-5m,Nitrate_mgm3,0
Yongala,-19.3085,147.6184,10,2015-09-23,5-10m,Ammonium_mgm3,0.14006699999999997
Yongala,-19.3085,147.6184,10,2015-09-23,5-10m,Nitrate_mgm3,0
Yongala,-19.3085,147.6184,20,2015-09-23,10-20m,Ammonium_mgm3,0.14006699999999997
Yongala,-19.3085,147.6184,20,2015-09-23,10-20m,Nitrate_mgm3,0
Yongala,-19.3085,147.6184,0,2015-10-27,0-5m,Ammonium_mgm3,0
Yongala,-19.3085,147.6184,0,2015-10-27,0-5m,Nitrate_mgm3,0
Yongala,-19.3085,147.6184,10,2015-10-27,5-10m,Ammonium_mgm3,0
Yongala,-19.3085,147.6184,10,2015-10-27,5-10m,Nitrate_mgm3,0
Yongala,-19.3085,147.6184,20,2015-10-27,10-20m,Ammonium_mgm3,0
Yongala,-19.3085,147.6184,20,2015-10-27,10-20m,Nitrate_mgm3,0
Yongala,-19.3085,147.6184,0,2015-11-11,0-5m,Ammonium_mgm3,0
Yongala,-19.3085,147.6184,0,2015-11-11,0-5m,Nitrate_mgm3,1.4006699999999999
Yongala,-19.3085,147.6184,10,2015-11-11,5-10m,Ammonium_mgm3,0
Yongala,-19.3085,147.6184,10,2015-11-11,5-10m,Nitrate_mgm3,0
Yongala,-19.3085,147.6184,20,2015-11-11,10-20m,Ammonium_mgm3,0
Yongala,-19.3085,147.6184,20,2015-11-11,10-20m,Nitrate_mgm3,0
Yongala,-19.3085,147.6184,0,2015-12-03,0-5m,Ammonium_mgm3,0
Yongala,-19.3085,147.6184,0,2015-12-03,0-5m,Nitrate_mgm3,0
Yongala,-19.3085,147.6184,10,2015-12-03,5-10m,Ammonium_mgm3,0
Yongala,-19.3085,147.6184,10,2015-12-03,5-10m,Nitrate_mgm3,0
Yongala,-19.3085,147.6184,20,2015-12-03,10-20m,Ammonium_mgm3,0
Yongala,-19.3085,147.6184,20,2015-12-03,10-20m,Nitrate_mgm3,0
Yongala,-19.3085,147.6184,0,2016-01-22,0-5m,Ammonium_mgm3,2.3811389999999997
Yongala,-19.3085,147.6184,0,2016-01-22,0-5m,Nitrate_mgm3,0
Yongala,-19.3085,147.6184,10,2016-01-22,5-10m,Ammonium_mgm3,0
Yongala,-19.3085,147.6184,10,2016-01-22,5-10m,Nitrate_mgm3,0
Yongala,-19.3085,147.6184,20,2016-01-22,10-20m,Ammonium_mgm3,0
Yongala,-19.3085,147.6184,20,2016-01-22,10-20m,Nitrate_mgm3,0
Yongala,-19.3085,147.6184,0,2016-02-15,0-5m,Ammonium_mgm3,0
Yongala,-19.3085,147.6184,0,2016-02-15,0-5m,Nitrate_mgm3,0
Yongala,-19.3085,147.6184,10,2016-02-15,5-10m,Ammonium_mgm3,0.8404019999999998
Yongala,-19.3085,147.6184,10,2016-02-15,5-10m,Nitrate_mgm3,0
Yongala,-19.3085,147.6184,20,2016-02-15,10-20m,Ammonium_mgm3,0
Yongala,-19.3085,147.6184,20,2016-02-15,10-20m,Nitrate_mgm3,0
Yongala,-19.3085,147.6184,0,2016-03-21,0-5m,Ammonium_mgm3,1.1205359999999998
Yongala,-19.3085,147.6184,0,2016-03-21,0-5m,Nitrate_mgm3,0
Yongala,-19.3085,147.6184,10,2016-03-21,5-10m,Ammonium_mgm3,0
Yongala,-19.3085,147.6184,10,2016-03-21,5-10m,Nitrate_mgm3,0
Yongala,-19.3085,147.6184,20,2016-03-21,10-20m,Ammonium_mgm3,0.8404019999999998
Yongala,-19.3085,147.6184,20,2016-03-21,10-20m,Nitrate_mgm3,0
Yongala,-19.3085,147.6184,0,2016-05-03,0-5m,Ammonium_mgm3,0.8404019999999998
Yongala,-19.3085,147.6184,0,2016-05-03,0-5m,Nitrate_mgm3,0
Yongala,-19.3085,147.6184,10,2016-05-03,5-10m,Ammonium_mgm3,0.8404019999999998
Yongala,-19.3085,147.6184,10,2016-05-03,5-10m,Nitrate_mgm3,0
Yongala,-19.3085,147.6184,20,2016-05-03,10-20m,Ammonium_mgm3,0
Yongala,-19.3085,147.6184,20,2016-05-03,10-20m,Nitrate_mgm3,0
Yongala,-19.3085,147.6184,0,2016-06-01,0-5m,Ammonium_mgm3,0.9804689999999999
Yongala,-19.3085,147.6184,0,2016-06-01,0-5m,Nitrate_mgm3,0
Yongala,-19.3085,147.6184,10,2016-06-01,5-10m,Ammonium_mgm3,3.361607999999999
Yongala,-19.3085,147.6184,10,2016-06-01,5-10m,Nitrate_mgm3,0
Yongala,-19.3085,147.6184,20,2016-06-01,10-20m,Ammonium_mgm3,1.6808039999999995
Yongala,-19.3085,147.6184,20,2016-06-01,10-20m,Nitrate_mgm3,0
Yongala,-19.3085,147.6184,0,2016-06-24,0-5m,Ammonium_mgm3,0
Yongala,-19.3085,147.6184,0,2016-06-24,0-5m,Nitrate_mgm3,0
Yongala,-19.3085,147.6184,10,2016-06-24,5-10m,Ammonium_mgm3,0
Yongala,-19.3085,147.6184,10,2016-06-24,5-10m,Nitrate_mgm3,0
Yongala,-19.3085,147.6184,20,2016-06-24,10-20m,Ammonium_mgm3,0.9804689999999999
Yongala,-19.3085,147.6184,20,2016-06-24,10-20m,Nitrate_mgm3,0
Yongala,-19.3085,147.6184,0,2016-07-25,0-5m,Ammonium_mgm3,0
Yongala,-19.3085,147.6184,0,2016-07-25,0-5m,Nitrate_mgm3,0
Yongala,-19.3085,147.6184,10,2016-07-25,5-10m,Ammonium_mgm3,0
Yongala,-19.3085,147.6184,10,2016-07-25,5-10m,Nitrate_mgm3,0
Yongala,-19.3085,147.6184,20,2016-07-25,10-20m,Ammonium_mgm3,0
Yongala,-19.3085,147.6184,20,2016-07-25,10-20m,Nitrate_mgm3,0
Yongala,-19.3085,147.6184,0,2016-08-23,0-5m,Ammonium_mgm3,3.7818089999999995
Yongala,-19.3085,147.6184,0,2016-08-23,0-5m,Nitrate_mgm3,0
Yongala,-19.3085,147.6184,10,2016-08-23,5-10m,Ammonium_mgm3,1.9609379999999998
Yongala,-19.3085,147.6184,10,2016-08-23,5-10m,Nitrate_mgm3,0
Yongala,-19.3085,147.6184,20,2016-08-23,10-20m,Ammonium_mgm3,1.8208709999999997
Yongala,-19.3085,147.6184,20,2016-08-23,10-20m,Nitrate_mgm3,0
Yongala,-19.3085,147.6184,0,2016-09-27,0-5m,Ammonium_mgm3,0
Yongala,-19.3085,147.6184,0,2016-09-27,0-5m,Nitrate_mgm3,0
Yongala,-19.3085,147.6184,10,2016-09-27,5-10m,Ammonium_mgm3,0
Yongala,-19.3085,147.6184,10,2016-09-27,5-10m,Nitrate_mgm3,0
Yongala,-19.3085,147.6184,20,2016-09-27,10-20m,Ammonium_mgm3,0
Yongala,-19.3085,147.6184,20,2016-09-27,10-20m,Nitrate_mgm3,0
Yongala,-19.3085,147.6184,0,2016-10-12,0-5m,Ammonium_mgm3,0
Yongala,-19.3085,147.6184,0,2016-10-12,0-5m,Nitrate_mgm3,0
Yongala,-19.3085,147.6184,10,2016-10-12,5-10m,Ammonium_mgm3,0
Yongala,-19.3085,147.6184,10,2016-10-12,5-10m,Nitrate_mgm3,0
Yongala,-19.3085,147.6184,20,2016-10-12,10-20m,Ammonium_mgm3,0
Yongala,-19.3085,147.6184,20,2016-10-12,10-20m,Nitrate_mgm3,0
Yongala,-19.3085,147.6184,0,2016-11-08,0-5m,Ammonium_mgm3,0
Yongala,-19.3085,147.6184,0,2016-11-08,0-5m,Nitrate_mgm3,0
Yongala,-19.3085,147.6184,10,2016-11-08,5-10m,Ammonium_mgm3,0
Yongala,-19.3085,147.6184,10,2016-11-08,5-10m,Nitrate_mgm3,0
Yongala,-19.3085,147.6184,20,2016-11-08,10-20m,Ammonium_mgm3,0
Yongala,-19.3085,147.6184,20,2016-11-08,10-20m,Nitrate_mgm3,0
Yongala,-19.3085,147.6184,0,2016-12-07,0-5m,Ammonium_mgm3,0.7003349999999999
Yongala,-19.3085,147.6184,0,2016-12-07,0-5m,Nitrate_mgm3,0
Yongala,-19.3085,147.6184,10,2016-12-07,5-10m,Ammonium_mgm3,0
Yongala,-19.3085,147.6184,10,2016-12-07,5-10m,Nitrate_mgm3,0
Yongala,-19.3085,147.6184,20,2016-12-07,10-20m,Ammonium_mgm3,0
Yongala,-19.3085,147.6184,20,2016-12-07,10-20m,Nitrate_mgm3,0
Yongala,-19.3085,147.6184,0,2017-01-20,0-5m,Ammonium_mgm3,1.1205359999999998
Yongala,-19.3085,147.6184,0,2017-01-20,0-5m,Nitrate_mgm3,0
Yongala,-19.3085,147.6184,10,2017-01-20,5-10m,Ammonium_mgm3,0.7003349999999999
Yongala,-19.3085,147.6184,10,2017-01-20,5-10m,Nitrate_mgm3,0
Yongala,-19.3085,147.6184,20,2017-01-20,10-20m,Ammonium_mgm3,0
Yongala,-19.3085,147.6184,20,2017-01-20,10-20m,Nitrate_mgm3,0
Yongala,-19.3085,147.6184,0,2017-02-20,0-5m,Ammonium_mgm3,0
Yongala,-19.3085,147.6184,0,2017-02-20,0-5m,Nitrate_mgm3,0
Yongala,-19.3085,147.6184,10,2017-02-20,5-10m,Ammonium_mgm3,0
Yongala,-19.3085,147.6184,10,2017-02-20,5-10m,Nitrate_mgm3,0
Yongala,-19.3085,147.6184,20,2017-02-20,10-20m,Ammonium_mgm3,0
Yongala,-19.3085,147.6184,20,2017-02-20,10-20m,Nitrate_mgm3,0
Yongala,-19.3085,147.6184,0,2017-03-22,0-5m,Ammonium_mgm3,0.9804689999999999
Yongala,-19.3085,147.6184,0,2017-03-22,0-5m,Nitrate_mgm3,1.4006699999999999
Yongala,-19.3085,147.6184,10,2017-03-22,5-10m,Ammonium_mgm3,0
Yongala,-19.3085,147.6184,10,2017-03-22,5-10m,Nitrate_mgm3,0
Yongala,-19.3085,147.6184,20,2017-03-22,10-20m,Ammonium_mgm3,0.9804689999999999
Yongala,-19.3085,147.6184,20,2017-03-22,10-20m,Nitrate_mgm3,0
Yongala,-19.3085,147.6184,0,2017-04-26,0-5m,Ammonium_mgm3,0
Yongala,-19.3085,147.6184,0,2017-04-26,0-5m,Nitrate_mgm3,0
Yongala,-19.3085,147.6184,10,2017-04-26,5-10m,Ammonium_mgm3,0
Yongala,-19.3085,147.6184,10,2017-04-26,5-10m,Nitrate_mgm3,0
Yongala,-19.3085,147.6184,20,2017-04-26,10-20m,Ammonium_mgm3,0
Yongala,-19.3085,147.6184,20,2017-04-26,10-20m,Nitrate_mgm3,0
Yongala,-19.3085,147.6184,0,2017-05-29,0-5m,Ammonium_mgm3,0.7003349999999999
Yongala,-19.3085,147.6184,0,2017-05-29,0-5m,Nitrate_mgm3,0
Yongala,-19.3085,147.6184,10,2017-05-29,5-10m,Ammonium_mgm3,0
Yongala,-19.3085,147.6184,10,2017-05-29,5-10m,Nitrate_mgm3,0
Yongala,-19.3085,147.6184,20,2017-05-29,10-20m,Ammonium_mgm3,0
Yongala,-19.3085,147.6184,20,2017-05-29,10-20m,Nitrate_mgm3,0
Yongala,-19.3085,147.6184,0,2017-07-05,0-5m,Ammonium_mgm3,0
Yongala,-19.3085,147.6184,0,2017-07-05,0-5m,Nitrate_mgm3,0
Yongala,-19.3085,147.6184,10,2017-07-05,5-10m,Ammonium_mgm3,0
Yongala,-19.3085,147.6184,10,2017-07-05,5-10m,Nitrate_mgm3,0
Yongala,-19.3085,147.6184,20,2017-07-05,10-20m,Ammonium_mgm3,0
Yongala,-19.3085,147.6184,20,2017-07-05,10-20m,Nitrate_mgm3,0
Yongala,-19.3085,147.6184,0,2017-07-24,0-5m,Ammonium_mgm3,0.7003349999999999
Yongala,-19.3085,147.6184,0,2017-07-24,0-5m,Nitrate_mgm3,0
Yongala,-19.3085,147.6184,10,2017-07-24,5-10m,Ammonium_mgm3,0
Yongala,-19.3085,147.6184,10,2017-07-24,5-10m,Nitrate_mgm3,0
Yongala,-19.3085,147.6184,20,2017-07-24,10-20m,Ammonium_mgm3,0
Yongala,-19.3085,147.6184,20,2017-07-24,10-20m,Nitrate_mgm3,0
Yongala,-19.3085,147.6184,0,2017-08-16,0-5m,Ammonium_mgm3,0
Yongala,-19.3085,147.6184,0,2017-08-16,0-5m,Nitrate_mgm3,0
Yongala,-19.3085,147.6184,10,2017-08-16,5-10m,Ammonium_mgm3,0
Yongala,-19.3085,147.6184,10,2017-08-16,5-10m,Nitrate_mgm3,0
Yongala,-19.3085,147.6184,20,2017-08-16,10-20m,Ammonium_mgm3,0
Yongala,-19.3085,147.6184,20,2017-08-16,10-20m,Nitrate_mgm3,0
Yongala,-19.3085,147.6184,0,2017-09-06,0-5m,Ammonium_mgm3,0
Yongala,-19.3085,147.6184,0,2017-09-06,0-5m,Nitrate_mgm3,0
Yongala,-19.3085,147.6184,10,2017-09-06,5-10m,Ammonium_mgm3,0
Yongala,-19.3085,147.6184,10,2017-09-06,5-10m,Nitrate_mgm3,0
Yongala,-19.3085,147.6184,20,2017-09-06,10-20m,Ammonium_mgm3,0
Yongala,-19.3085,147.6184,20,2017-09-06,10-20m,Nitrate_mgm3,0
Yongala,-19.3085,147.6184,0,2017-10-26,0-5m,Ammonium_mgm3,0
Yongala,-19.3085,147.6184,0,2017-10-26,0-5m,Nitrate_mgm3,0
Yongala,-19.3085,147.6184,10,2017-10-26,5-10m,Ammonium_mgm3,0
Yongala,-19.3085,147.6184,10,2017-10-26,5-10m,Nitrate_mgm3,0
Yongala,-19.3085,147.6184,20,2017-10-26,10-20m,Ammonium_mgm3,0
Yongala,-19.3085,147.6184,20,2017-10-26,10-20m,Nitrate_mgm3,0
Yongala,-19.3085,147.6184,0,2017-11-30,0-5m,Ammonium_mgm3,1.4006699999999999
Yongala,-19.3085,147.6184,0,2017-11-30,0-5m,Nitrate_mgm3,0
Yongala,-19.3085,147.6184,10,2017-11-30,5-10m,Ammonium_mgm3,0
Yongala,-19.3085,147.6184,10,2017-11-30,5-10m,Nitrate_mgm3,0
Yongala,-19.3085,147.6184,20,2017-11-30,10-20m,Ammonium_mgm3,0
Yongala,-19.3085,147.6184,20,2017-11-30,10-20m,Nitrate_mgm3,0
Yongala,-19.3085,147.6184,0,2017-12-15,0-5m,Ammonium_mgm3,0
Yongala,-19.3085,147.6184,0,2017-12-15,0-5m,Nitrate_mgm3,0
Yongala,-19.3085,147.6184,10,2017-12-15,5-10m,Ammonium_mgm3,0
Yongala,-19.3085,147.6184,10,2017-12-15,5-10m,Nitrate_mgm3,0
Yongala,-19.3085,147.6184,20,2017-12-15,10-20m,Ammonium_mgm3,0
Yongala,-19.3085,147.6184,20,2017-12-15,10-20m,Nitrate_mgm3,0
Yongala,-19.3085,147.6184,0,2018-01-30,0-5m,Ammonium_mgm3,1.6808039999999995
Yongala,-19.3085,147.6184,0,2018-01-30,0-5m,Nitrate_mgm3,0
Yongala,-19.3085,147.6184,10,2018-01-30,5-10m,Ammonium_mgm3,1.4006699999999999
Yongala,-19.3085,147.6184,10,2018-01-30,5-10m,Nitrate_mgm3,0
Yongala,-19.3085,147.6184,20,2018-01-30,10-20m,Ammonium_mgm3,0.9804689999999999
Yongala,-19.3085,147.6184,20,2018-01-30,10-20m,Nitrate_mgm3,0
Yongala,-19.3085,147.6184,0,2018-02-20,0-5m,Ammonium_mgm3,0
Yongala,-19.3085,147.6184,0,2018-02-20,0-5m,Nitrate_mgm3,0
Yongala,-19.3085,147.6184,10,2018-02-20,5-10m,Ammonium_mgm3,0
Yongala,-19.3085,147.6184,10,2018-02-20,5-10m,Nitrate_mgm3,0
Yongala,-19.3085,147.6184,20,2018-02-20,10-20m,Ammonium_mgm3,0
Yongala,-19.3085,147.6184,20,2018-02-20,10-20m,Nitrate_mgm3,0
Yongala,-19.3085,147.6184,0,2018-03-29,0-5m,Ammonium_mgm3,0
Yongala,-19.3085,147.6184,0,2018-03-29,0-5m,Nitrate_mgm3,0
Yongala,-19.3085,147.6184,10,2018-03-29,5-10m,Ammonium_mgm3,0.7003349999999999
Yongala,-19.3085,147.6184,10,2018-03-29,5-10m,Nitrate_mgm3,0
Yongala,-19.3085,147.6184,20,2018-03-29,10-20m,Ammonium_mgm3,0
Yongala,-19.3085,147.6184,20,2018-03-29,10-20m,Nitrate_mgm3,0
Yongala,-19.3085,147.6184,0,2018-04-26,0-5m,Ammonium_mgm3,1.2606029999999997
Yongala,-19.3085,147.6184,0,2018-04-26,0-5m,Nitrate_mgm3,2.8013399999999997
Yongala,-19.3085,147.6184,10,2018-04-26,5-10m,Ammonium_mgm3,0
Yongala,-19.3085,147.6184,10,2018-04-26,5-10m,Nitrate_mgm3,4.202009999999999
Yongala,-19.3085,147.6184,20,2018-04-26,10-20m,Ammonium_mgm3,0
Yongala,-19.3085,147.6184,20,2018-04-26,10-20m,Nitrate_mgm3,2.8013399999999997
Yongala,-19.3085,147.6184,0,2018-06-03,0-5m,Ammonium_mgm3,0
Yongala,-19.3085,147.6184,0,2018-06-03,0-5m,Nitrate_mgm3,0
Yongala,-19.3085,147.6184,10,2018-06-03,5-10m,Ammonium_mgm3,1.5407369999999996
Yongala,-19.3085,147.6184,10,2018-06-03,5-10m,Nitrate_mgm3,0
Yongala,-19.3085,147.6184,20,2018-06-03,10-20m,Ammonium_mgm3,0
Yongala,-19.3085,147.6184,20,2018-06-03,10-20m,Nitrate_mgm3,0
Yongala,-19.3085,147.6184,0,2018-06-21,0-5m,Ammonium_mgm3,0.7003349999999999
Yongala,-19.3085,147.6184,0,2018-06-21,0-5m,Nitrate_mgm3,0
Yongala,-19.3085,147.6184,10,2018-06-21,5-10m,Ammonium_mgm3,0
Yongala,-19.3085,147.6184,10,2018-06-21,5-10m,Nitrate_mgm3,0
Yongala,-19.3085,147.6184,20,2018-06-21,10-20m,Ammonium_mgm3,0
Yongala,-19.3085,147.6184,20,2018-06-21,10-20m,Nitrate_mgm3,0
Yongala,-19.3085,147.6184,0,2018-07-20,0-5m,Ammonium_mgm3,1.1205359999999998
Yongala,-19.3085,147.6184,0,2018-07-20,0-5m,Nitrate_mgm3,0
Yongala,-19.3085,147.6184,10,2018-07-20,5-10m,Ammonium_mgm3,0
Yongala,-19.3085,147.6184,10,2018-07-20,5-10m,Nitrate_mgm3,0
Yongala,-19.3085,147.6184,20,2018-07-20,10-20m,Ammonium_mgm3,0
Yongala,-19.3085,147.6184,20,2018-07-20,10-20m,Nitrate_mgm3,0
Yongala,-19.3085,147.6184,0,2018-08-17,0-5m,Ammonium_mgm3,0
Yongala,-19.3085,147.6184,0,2018-08-17,0-5m,Nitrate_mgm3,0
Yongala,-19.3085,147.6184,10,2018-08-17,5-10m,Ammonium_mgm3,0
Yongala,-19.3085,147.6184,10,2018-08-17,5-10m,Nitrate_mgm3,0
Yongala,-19.3085,147.6184,20,2018-08-17,10-20m,Ammonium_mgm3,0
Yongala,-19.3085,147.6184,20,2018-08-17,10-20m,Nitrate_mgm3,0
Yongala,-19.3085,147.6184,0,2018-09-27,0-5m,Ammonium_mgm3,0
Yongala,-19.3085,147.6184,0,2018-09-27,0-5m,Nitrate_mgm3,0
Yongala,-19.3085,147.6184,10,2018-09-27,5-10m,Ammonium_mgm3,0
Yongala,-19.3085,147.6184,10,2018-09-27,5-10m,Nitrate_mgm3,0
Yongala,-19.3085,147.6184,20,2018-09-27,10-20m,Ammonium_mgm3,1.1205359999999998
Yongala,-19.3085,147.6184,20,2018-09-27,10-20m,Nitrate_mgm3,0
Yongala,-19.3085,147.6184,0,2018-10-11,0-5m,Ammonium_mgm3,0
Yongala,-19.3085,147.6184,0,2018-10-11,0-5m,Nitrate_mgm3,0
Yongala,-19.3085,147.6184,10,2018-10-11,5-10m,Ammonium_mgm3,0
Yongala,-19.3085,147.6184,10,2018-10-11,5-10m,Nitrate_mgm3,0
Yongala,-19.3085,147.6184,20,2018-10-11,10-20m,Ammonium_mgm3,0
Yongala,-19.3085,147.6184,20,2018-10-11,10-20m,Nitrate_mgm3,0
Yongala,-19.3085,147.6184,0,2018-11-23,0-5m,Ammonium_mgm3,0
Yongala,-19.3085,147.6184,0,2018-11-23,0-5m,Nitrate_mgm3,0
Yongala,-19.3085,147.6184,10,2018-11-23,5-10m,Ammonium_mgm3,0
Yongala,-19.3085,147.6184,10,2018-11-23,5-10m,Nitrate_mgm3,0
Yongala,-19.3085,147.6184,20,2018-11-23,10-20m,Ammonium_mgm3,5.042411999999999
Yongala,-19.3085,147.6184,20,2018-11-23,10-20m,Nitrate_mgm3,0
Yongala,-19.3085,147.6184,0,2018-12-13,0-5m,Ammonium_mgm3,2.9414069999999994
Yongala,-19.3085,147.6184,0,2018-12-13,0-5m,Nitrate_mgm3,14.006699999999997
Yongala,-19.3085,147.6184,10,2018-12-13,5-10m,Ammonium_mgm3,4.342076999999999
Yongala,-19.3085,147.6184,10,2018-12-13,5-10m,Nitrate_mgm3,0
Yongala,-19.3085,147.6184,20,2018-12-13,10-20m,Ammonium_mgm3,1.5407369999999996
Yongala,-19.3085,147.6184,20,2018-12-13,10-20m,Nitrate_mgm3,0
Yongala,-19.3085,147.6184,0,2019-01-24,0-5m,Ammonium_mgm3,1.1205359999999998
Yongala,-19.3085,147.6184,0,2019-01-24,0-5m,Nitrate_mgm3,1.4006699999999999
Yongala,-19.3085,147.6184,10,2019-01-24,5-10m,Ammonium_mgm3,0
Yongala,-19.3085,147.6184,10,2019-01-24,5-10m,Nitrate_mgm3,0
Yongala,-19.3085,147.6184,20,2019-01-24,10-20m,Ammonium_mgm3,0
Yongala,-19.3085,147.6184,20,2019-01-24,10-20m,Nitrate_mgm3,0
Yongala,-19.3085,147.6184,0,2019-02-13,0-5m,Ammonium_mgm3,3.081473999999999
Yongala,-19.3085,147.6184,0,2019-02-13,0-5m,Nitrate_mgm3,1.4006699999999999
Yongala,-19.3085,147.6184,10,2019-02-13,5-10m,Ammonium_mgm3,10.364957999999998
Yongala,-19.3085,147.6184,10,2019-02-13,5-10m,Nitrate_mgm3,4.202009999999999
Yongala,-19.3085,147.6184,20,2019-02-13,10-20m,Ammonium_mgm3,3.9218759999999997
Yongala,-19.3085,147.6184,20,2019-02-13,10-20m,Nitrate_mgm3,0
Yongala,-19.3085,147.6184,0,2019-03-13,0-5m,Ammonium_mgm3,0
Yongala,-19.3085,147.6184,0,2019-03-13,0-5m,Nitrate_mgm3,0
Yongala,-19.3085,147.6184,10,2019-03-13,5-10m,Ammonium_mgm3,0
Yongala,-19.3085,147.6184,10,2019-03-13,5-10m,Nitrate_mgm3,0
Yongala,-19.3085,147.6184,20,2019-03-13,10-20m,Ammonium_mgm3,0.9804689999999999
Yongala,-19.3085,147.6184,20,2019-03-13,10-20m,Nitrate_mgm3,0
Yongala,-19.3085,147.6184,0,2019-05-07,0-5m,Ammonium_mgm3,0
Yongala,-19.3085,147.6184,0,2019-05-07,0-5m,Nitrate_mgm3,0
Yongala,-19.3085,147.6184,10,2019-05-07,5-10m,Ammonium_mgm3,0
Yongala,-19.3085,147.6184,10,2019-05-07,5-10m,Nitrate_mgm3,0
Yongala,-19.3085,147.6184,20,2019-05-07,10-20m,Ammonium_mgm3,0
Yongala,-19.3085,147.6184,20,2019-05-07,10-20m,Nitrate_mgm3,0
Yongala,-19.3085,147.6184,0,2019-05-28,0-5m,Ammonium_mgm3,0
Yongala,-19.3085,147.6184,0,2019-05-28,0-5m,Nitrate_mgm3,0
Yongala,-19.3085,147.6184,10,2019-05-28,5-10m,Ammonium_mgm3,0
Yongala,-19.3085,147.6184,10,2019-05-28,5-10m,Nitrate_mgm3,0
Yongala,-19.3085,147.6184,20,2019-05-28,10-20m,Ammonium_mgm3,0
Yongala,-19.3085,147.6184,20,2019-05-28,10-20m,Nitrate_mgm3,0
Yongala,-19.3085,147.6184,0,2019-07-03,0-5m,Ammonium_mgm3,0
Yongala,-19.3085,147.6184,0,2019-07-03,0-5m,Nitrate_mgm3,0
Yongala,-19.3085,147.6184,10,2019-07-03,5-10m,Ammonium_mgm3,0
Yongala,-19.3085,147.6184,10,2019-07-03,5-10m,Nitrate_mgm3,0
Yongala,-19.3085,147.6184,20,2019-07-03,10-20m,Ammonium_mgm3,0
Yongala,-19.3085,147.6184,20,2019-07-03,10-20m,Nitrate_mgm3,0
Yongala,-19.3085,147.6184,0,2019-08-08,0-5m,Ammonium_mgm3,0
Yongala,-19.3085,147.6184,0,2019-08-08,0-5m,Nitrate_mgm3,0
Yongala,-19.3085,147.6184,10,2019-08-08,5-10m,Ammonium_mgm3,0
Yongala,-19.3085,147.6184,10,2019-08-08,5-10m,Nitrate_mgm3,0
Yongala,-19.3085,147.6184,20,2019-08-08,10-20m,Ammonium_mgm3,0
Yongala,-19.3085,147.6184,20,2019-08-08,10-20m,Nitrate_mgm3,0
Yongala,-19.3085,147.6184,0,2019-08-26,0-5m,Ammonium_mgm3,0
Yongala,-19.3085,147.6184,0,2019-08-26,0-5m,Nitrate_mgm3,0
Yongala,-19.3085,147.6184,10,2019-08-26,5-10m,Ammonium_mgm3,0
Yongala,-19.3085,147.6184,10,2019-08-26,5-10m,Nitrate_mgm3,0
Yongala,-19.3085,147.6184,20,2019-08-26,10-20m,Ammonium_mgm3,0
Yongala,-19.3085,147.6184,20,2019-08-26,10-20m,Nitrate_mgm3,0
Yongala,-19.3085,147.6184,0,2019-09-17,0-5m,Ammonium_mgm3,0
Yongala,-19.3085,147.6184,0,2019-09-17,0-5m,Nitrate_mgm3,0
Yongala,-19.3085,147.6184,10,2019-09-17,5-10m,Ammonium_mgm3,0
Yongala,-19.3085,147.6184,10,2019-09-17,5-10m,Nitrate_mgm3,0
Yongala,-19.3085,147.6184,20,2019-09-17,10-20m,Ammonium_mgm3,0
Yongala,-19.3085,147.6184,20,2019-09-17,10-20m,Nitrate_mgm3,0
Yongala,-19.3085,147.6184,0,2019-10-09,0-5m,Ammonium_mgm3,1.9609379999999998
Yongala,-19.3085,147.6184,0,2019-10-09,0-5m,Nitrate_mgm3,5.602679999999999
Yongala,-19.3085,147.6184,10,2019-10-09,5-10m,Ammonium_mgm3,1.5407369999999996
Yongala,-19.3085,147.6184,10,2019-10-09,5-10m,Nitrate_mgm3,0
Yongala,-19.3085,147.6184,20,2019-10-09,10-20m,Ammonium_mgm3,1.1205359999999998
Yongala,-19.3085,147.6184,20,2019-10-09,10-20m,Nitrate_mgm3,0
Yongala,-19.3085,147.6184,0,2019-11-07,0-5m,Ammonium_mgm3,2.3811389999999997
Yongala,-19.3085,147.6184,0,2019-11-07,0-5m,Nitrate_mgm3,33.61607999999999
Yongala,-19.3085,147.6184,10,2019-11-07,5-10m,Ammonium_mgm3,1.8208709999999997
Yongala,-19.3085,147.6184,10,2019-11-07,5-10m,Nitrate_mgm3,0
Yongala,-19.3085,147.6184,20,2019-11-07,10-20m,Ammonium_mgm3,1.6808039999999995
Yongala,-19.3085,147.6184,20,2019-11-07,10-20m,Nitrate_mgm3,0
Yongala,-19.3085,147.6184,0,2019-12-03,0-5m,Ammonium_mgm3,1.5407369999999996
Yongala,-19.3085,147.6184,0,2019-12-03,0-5m,Nitrate_mgm3,0
Yongala,-19.3085,147.6184,10,2019-12-03,5-10m,Ammonium_mgm3,0
Yongala,-19.3085,147.6184,10,2019-12-03,5-10m,Nitrate_mgm3,0
Yongala,-19.3085,147.6184,20,2019-12-03,10-20m,Ammonium_mgm3,0
Yongala,-19.3085,147.6184,20,2019-12-03,10-20m,Nitrate_mgm3,0
Yongala,-19.3085,147.6184,0,2020-01-16,0-5m,Ammonium_mgm3,0
Yongala,-19.3085,147.6184,0,2020-01-16,0-5m,Nitrate_mgm3,0
Yongala,-19.3085,147.6184,10,2020-01-16,5-10m,Ammonium_mgm3,0
Yongala,-19.3085,147.6184,10,2020-01-16,5-10m,Nitrate_mgm3,0
Yongala,-19.3085,147.6184,20,2020-01-16,10-20m,Ammonium_mgm3,0
Yongala,-19.3085,147.6184,20,2020-01-16,10-20m,Nitrate_mgm3,0
Yongala,-19.3085,147.6184,0,2020-02-13,0-5m,Ammonium_mgm3,0
Yongala,-19.3085,147.6184,0,2020-02-13,0-5m,Nitrate_mgm3,0
Yongala,-19.3085,147.6184,10,2020-02-13,5-10m,Ammonium_mgm3,0
Yongala,-19.3085,147.6184,10,2020-02-13,5-10m,Nitrate_mgm3,0
Yongala,-19.3085,147.6184,20,2020-02-13,10-20m,Ammonium_mgm3,0
Yongala,-19.3085,147.6184,20,2020-02-13,10-20m,Nitrate_mgm3,0
Yongala,-19.3085,147.6184,0,2020-03-06,0-5m,Ammonium_mgm3,0.9804689999999999
Yongala,-19.3085,147.6184,0,2020-03-06,0-5m,Nitrate_mgm3,0
Yongala,-19.3085,147.6184,10,2020-03-06,5-10m,Ammonium_mgm3,0
Yongala,-19.3085,147.6184,10,2020-03-06,5-10m,Nitrate_mgm3,0
Yongala,-19.3085,147.6184,20,2020-03-06,10-20m,Ammonium_mgm3,0.7003349999999999
Yongala,-19.3085,147.6184,20,2020-03-06,10-20m,Nitrate_mgm3,0
Yongala,-19.3085,147.6184,0,2020-04-22,0-5m,Ammonium_mgm3,0
Yongala,-19.3085,147.6184,0,2020-04-22,0-5m,Nitrate_mgm3,0
Yongala,-19.3085,147.6184,10,2020-04-22,5-10m,Ammonium_mgm3,0
Yongala,-19.3085,147.6184,10,2020-04-22,5-10m,Nitrate_mgm3,0
Yongala,-19.3085,147.6184,20,2020-04-22,10-20m,Ammonium_mgm3,0
Yongala,-19.3085,147.6184,20,2020-04-22,10-20m,Nitrate_mgm3,0
Yongala,-19.3085,147.6184,0,2020-06-12,0-5m,Ammonium_mgm3,0
Yongala,-19.3085,147.6184,0,2020-06-12,0-5m,Nitrate_mgm3,1.4006699999999999
Yongala,-19.3085,147.6184,10,2020-06-12,5-10m,Ammonium_mgm3,0
Yongala,-19.3085,147.6184,10,2020-06-12,5-10m,Nitrate_mgm3,0
Yongala,-19.3085,147.6184,20,2020-06-12,10-20m,Ammonium_mgm3,0
Yongala,-19.3085,147.6184,20,2020-06-12,10-20m,Nitrate_mgm3,0
Yongala,-19.3085,147.6184,0,2020-07-11,0-5m,Ammonium_mgm3,0
Yongala,-19.3085,147.6184,0,2020-07-11,0-5m,Nitrate_mgm3,0
Yongala,-19.3085,147.6184,10,2020-07-11,5-10m,Ammonium_mgm3,0
Yongala,-19.3085,147.6184,10,2020-07-11,5-10m,Nitrate_mgm3,0
Yongala,-19.3085,147.6184,20,2020-07-11,10-20m,Ammonium_mgm3,0
Yongala,-19.3085,147.6184,20,2020-07-11,10-20m,Nitrate_mgm3,0
Yongala,-19.3085,147.6184,0,2020-08-03,0-5m,Nitrate_mgm3,0
Yongala,-19.3085,147.6184,10,2020-08-03,5-10m,Nitrate_mgm3,0
Yongala,-19.3085,147.6184,20,2020-08-03,10-20m,Nitrate_mgm3,0
Yongala,-19.3085,147.6184,0,2020-09-04,0-5m,Ammonium_mgm3,0
Yongala,-19.3085,147.6184,0,2020-09-04,0-5m,Nitrate_mgm3,0
Yongala,-19.3085,147.6184,10,2020-09-04,5-10m,Ammonium_mgm3,1.1205359999999998
Yongala,-19.3085,147.6184,10,2020-09-04,5-10m,Nitrate_mgm3,0
Yongala,-19.3085,147.6184,20,2020-09-04,10-20m,Ammonium_mgm3,0
Yongala,-19.3085,147.6184,20,2020-09-04,10-20m,Nitrate_mgm3,0
Yongala,-19.3085,147.6184,0,2020-09-26,0-5m,Ammonium_mgm3,8.964287999999998
Yongala,-19.3085,147.6184,0,2020-09-26,0-5m,Nitrate_mgm3,0
Yongala,-19.3085,147.6184,10,2020-09-26,5-10m,Ammonium_mgm3,0
Yongala,-19.3085,147.6184,10,2020-09-26,5-10m,Nitrate_mgm3,0
Yongala,-19.3085,147.6184,20,2020-09-26,10-20m,Ammonium_mgm3,0
Yongala,-19.3085,147.6184,20,2020-09-26,10-20m,Nitrate_mgm3,0
Yongala,-19.3085,147.6184,0,2020-10-26,0-5m,Ammonium_mgm3,0
Yongala,-19.3085,147.6184,0,2020-10-26,0-5m,Nitrate_mgm3,0
Yongala,-19.3085,147.6184,10,2020-10-26,5-10m,Ammonium_mgm3,0
Yongala,-19.3085,147.6184,10,2020-10-26,5-10m,Nitrate_mgm3,0
Yongala,-19.3085,147.6184,20,2020-10-26,10-20m,Ammonium_mgm3,0
Yongala,-19.3085,147.6184,20,2020-10-26,10-20m,Nitrate_mgm3,0
Yongala,-19.3085,147.6184,0,2020-11-20,0-5m,Ammonium_mgm3,0
Yongala,-19.3085,147.6184,0,2020-11-20,0-5m,Nitrate_mgm3,12.606029999999997
Yongala,-19.3085,147.6184,10,2020-11-20,5-10m,Ammonium_mgm3,0.9804689999999999
Yongala,-19.3085,147.6184,10,2020-11-20,5-10m,Nitrate_mgm3,1.4006699999999999
Yongala,-19.3085,147.6184,20,2020-11-20,10-20m,Ammonium_mgm3,1.4006699999999999
Yongala,-19.3085,147.6184,20,2020-11-20,10-20m,Nitrate_mgm3,2.8013399999999997
Yongala,-19.3085,147.6184,0,2020-12-10,0-5m,Ammonium_mgm3,0
Yongala,-19.3085,147.6184,0,2020-12-10,0-5m,Nitrate_mgm3,0
Yongala,-19.3085,147.6184,10,2020-12-10,5-10m,Ammonium_mgm3,1.8208709999999997
Yongala,-19.3085,147.6184,10,2020-12-10,5-10m,Nitrate_mgm3,0
Yongala,-19.3085,147.6184,20,2020-12-10,10-20m,Ammonium_mgm3,0
Yongala,-19.3085,147.6184,20,2020-12-10,10-20m,Nitrate_mgm3,0
Yongala,-19.3085,147.6184,0,2021-01-27,0-5m,Ammonium_mgm3,0
Yongala,-19.3085,147.6184,0,2021-01-27,0-5m,Nitrate_mgm3,0
Yongala,-19.3085,147.6184,10,2021-01-27,5-10m,Ammonium_mgm3,0
Yongala,-19.3085,147.6184,10,2021-01-27,5-10m,Nitrate_mgm3,0
Yongala,-19.3085,147.6184,20,2021-01-27,10-20m,Ammonium_mgm3,0.8404019999999998
Yongala,-19.3085,147.6184,20,2021-01-27,10-20m,Nitrate_mgm3,0
Yongala,-19.3085,147.6184,0,2021-02-09,0-5m,Ammonium_mgm3,0
Yongala,-19.3085,147.6184,0,2021-02-09,0-5m,Nitrate_mgm3,0
Yongala,-19.3085,147.6184,10,2021-02-09,5-10m,Ammonium_mgm3,0
Yongala,-19.3085,147.6184,10,2021-02-09,5-10m,Nitrate_mgm3,0
Yongala,-19.3085,147.6184,20,2021-02-09,10-20m,Ammonium_mgm3,0
Yongala,-19.3085,147.6184,20,2021-02-09,10-20m,Nitrate_mgm3,0
Yongala,-19.3085,147.6184,0,2021-03-10,0-5m,Ammonium_mgm3,0
Yongala,-19.3085,147.6184,0,2021-03-10,0-5m,Nitrate_mgm3,0
Yongala,-19.3085,147.6184,10,2021-03-10,5-10m,Ammonium_mgm3,0
Yongala,-19.3085,147.6184,10,2021-03-10,5-10m,Nitrate_mgm3,0
Yongala,-19.3085,147.6184,20,2021-03-10,10-20m,Ammonium_mgm3,0
Yongala,-19.3085,147.6184,20,2021-03-10,10-20m,Nitrate_mgm3,0
Yongala,-19.3085,147.6184,0,2021-04-07,0-5m,Ammonium_mgm3,0
Yongala,-19.3085,147.6184,0,2021-04-07,0-5m,Nitrate_mgm3,0
Yongala,-19.3085,147.6184,10,2021-04-07,5-10m,Ammonium_mgm3,0.7003349999999999
Yongala,-19.3085,147.6184,10,2021-04-07,5-10m,Nitrate_mgm3,0
Yongala,-19.3085,147.6184,20,2021-04-07,10-20m,Ammonium_mgm3,1.2606029999999997
Yongala,-19.3085,147.6184,20,2021-04-07,10-20m,Nitrate_mgm3,0
Yongala,-19.3085,147.6184,0,2021-05-13,0-5m,Ammonium_mgm3,0
Yongala,-19.3085,147.6184,0,2021-05-13,0-5m,Nitrate_mgm3,0
Yongala,-19.3085,147.6184,10,2021-05-13,5-10m,Ammonium_mgm3,0
Yongala,-19.3085,147.6184,10,2021-05-13,5-10m,Nitrate_mgm3,0
Yongala,-19.3085,147.6184,20,2021-05-13,10-20m,Ammonium_mgm3,0
Yongala,-19.3085,147.6184,20,2021-05-13,10-20m,Nitrate_mgm3,0
Yongala,-19.3085,147.6184,0,2021-06-06,0-5m,Nitrate_mgm3,0
Yongala,-19.3085,147.6184,10,2021-06-06,5-10m,Nitrate_mgm3,0
Yongala,-19.3085,147.6184,20,2021-06-06,10-20m,Nitrate_mgm3,0
Yongala,-19.3085,147.6184,0,2021-06-23,0-5m,Nitrate_mgm3,0
Yongala,-19.3085,147.6184,10,2021-06-23,5-10m,Nitrate_mgm3,0
Yongala,-19.3085,147.6184,20,2021-06-23,10-20m,Nitrate_mgm3,0
Yongala,-19.3085,147.6184,0,2021-08-24,0-5m,Nitrate_mgm3,0
Yongala,-19.3085,147.6184,10,2021-08-24,5-10m,Nitrate_mgm3,0
Yongala,-19.3085,147.6184,20,2021-08-24,10-20m,Nitrate_mgm3,0
Yongala,-19.3085,147.6184,0,2021-09-27,0-5m,Ammonium_mgm3,0
Yongala,-19.3085,147.6184,0,2021-09-27,0-5m,Nitrate_mgm3,0
Yongala,-19.3085,147.6184,10,2021-09-27,5-10m,Ammonium_mgm3,0
Yongala,-19.3085,147.6184,10,2021-09-27,5-10m,Nitrate_mgm3,0
Yongala,-19.3085,147.6184,20,2021-09-27,10-20m,Ammonium_mgm3,0
Yongala,-19.3085,147.6184,20,2021-09-27,10-20m,Nitrate_mgm3,0
Yongala,-19.3085,147.6184,0,2021-10-14,0-5m,Ammonium_mgm3,0.7003349999999999
Yongala,-19.3085,147.6184,0,2021-10-14,0-5m,Nitrate_mgm3,0
Yongala,-19.3085,147.6184,10,2021-10-14,5-10m,Ammonium_mgm3,20.729915999999996
Yongala,-19.3085,147.6184,10,2021-10-14,5-10m,Nitrate_mgm3,0
Yongala,-19.3085,147.6184,20,2021-10-14,10-20m,Ammonium_mgm3,0.7003349999999999
Yongala,-19.3085,147.6184,20,2021-10-14,10-20m,Nitrate_mgm3,0
Yongala,-19.3085,147.6184,0,2021-11-22,0-5m,Ammonium_mgm3,0
Yongala,-19.3085,147.6184,0,2021-11-22,0-5m,Nitrate_mgm3,0
Yongala,-19.3085,147.6184,10,2021-11-22,5-10m,Ammonium_mgm3,0
Yongala,-19.3085,147.6184,10,2021-11-22,5-10m,Nitrate_mgm3,0
Yongala,-19.3085,147.6184,20,2021-11-22,10-20m,Ammonium_mgm3,0
Yongala,-19.3085,147.6184,20,2021-11-22,10-20m,Nitrate_mgm3,0
Yongala,-19.3085,147.6184,0,2021-12-09,0-5m,Ammonium_mgm3,1.8208709999999997
Yongala,-19.3085,147.6184,0,2021-12-09,0-5m,Nitrate_mgm3,0
Yongala,-19.3085,147.6184,10,2021-12-09,5-10m,Ammonium_mgm3,0.9804689999999999
Yongala,-19.3085,147.6184,10,2021-12-09,5-10m,Nitrate_mgm3,0
Yongala,-19.3085,147.6184,20,2021-12-09,10-20m,Ammonium_mgm3,0.9804689999999999
Yongala,-19.3085,147.6184,20,2021-12-09,10-20m,Nitrate_mgm3,0
Yongala,-19.3085,147.6184,0,2022-01-23,0-5m,Ammonium_mgm3,1.2606029999999997
Yongala,-19.3085,147.6184,0,2022-01-23,0-5m,Nitrate_mgm3,0
Yongala,-19.3085,147.6184,10,2022-01-23,5-10m,Ammonium_mgm3,1.6808039999999995
Yongala,-19.3085,147.6184,10,2022-01-23,5-10m,Nitrate_mgm3,0
Yongala,-19.3085,147.6184,20,2022-01-23,10-20m,Ammonium_mgm3,4.762277999999999
Yongala,-19.3085,147.6184,20,2022-01-23,10-20m,Nitrate_mgm3,0
Yongala,-19.3085,147.6184,0,2022-02-06,0-5m,Ammonium_mgm3,0.9804689999999999
Yongala,-19.3085,147.6184,0,2022-02-06,0-5m,Nitrate_mgm3,0
Yongala,-19.3085,147.6184,10,2022-02-06,5-10m,Ammonium_mgm3,1.1205359999999998
Yongala,-19.3085,147.6184,10,2022-02-06,5-10m,Nitrate_mgm3,0
Yongala,-19.3085,147.6184,20,2022-02-06,10-20m,Ammonium_mgm3,0.9804689999999999
Yongala,-19.3085,147.6184,20,2022-02-06,10-20m,Nitrate_mgm3,0
Yongala,-19.3085,147.6184,0,2022-03-11,0-5m,Ammonium_mgm3,0
Yongala,-19.3085,147.6184,0,2022-03-11,0-5m,Nitrate_mgm3,0
Yongala,-19.3085,147.6184,10,2022-03-11,5-10m,Ammonium_mgm3,0
Yongala,-19.3085,147.6184,10,2022-03-11,5-10m,Nitrate_mgm3,0
Yongala,-19.3085,147.6184,20,2022-03-11,10-20m,Ammonium_mgm3,0
Yongala,-19.3085,147.6184,20,2022-03-11,10-20m,Nitrate_mgm3,0
Yongala,-19.3085,147.6184,0,2022-04-06,0-5m,Ammonium_mgm3,0
Yongala,-19.3085,147.6184,0,2022-04-06,0-5m,Nitrate_mgm3,0
Yongala,-19.3085,147.6184,10,2022-04-06,5-10m,Ammonium_mgm3,0
Yongala,-19.3085,147.6184,10,2022-04-06,5-10m,Nitrate_mgm3,0
Yongala,-19.3085,147.6184,20,2022-04-06,10-20m,Ammonium_mgm3,0
Yongala,-19.3085,147.6184,20,2022-04-06,10-20m,Nitrate_mgm3,0
Yongala,-19.3085,147.6184,0,2022-06-03,0-5m,Ammonium_mgm3,0
Yongala,-19.3085,147.6184,0,2022-06-03,0-5m,Nitrate_mgm3,1.4006699999999999
Yongala,-19.3085,147.6184,10,2022-06-03,5-10m,Ammonium_mgm3,0
Yongala,-19.3085,147.6184,10,2022-06-03,5-10m,Nitrate_mgm3,0
Yongala,-19.3085,147.6184,20,2022-06-03,10-20m,Ammonium_mgm3,0
Yongala,-19.3085,147.6184,20,2022-06-03,10-20m,Nitrate_mgm3,0
Yongala,-19.3085,147.6184,0,2022-06-18,0-5m,Ammonium_mgm3,0
Yongala,-19.3085,147.6184,0,2022-06-18,0-5m,Nitrate_mgm3,0
Yongala,-19.3085,147.6184,10,2022-06-18,5-10m,Ammonium_mgm3,0
Yongala,-19.3085,147.6184,10,2022-06-18,5-10m,Nitrate_mgm3,0
Yongala,-19.3085,147.6184,20,2022-06-18,10-20m,Ammonium_mgm3,0
Yongala,-19.3085,147.6184,20,2022-06-18,10-20m,Nitrate_mgm3,0
Yongala,-19.3085,147.6184,0,2022-07-26,0-5m,Ammonium_mgm3,0
Yongala,-19.3085,147.6184,0,2022-07-26,0-5m,Nitrate_mgm3,2.8013399999999997
Yongala,-19.3085,147.6184,10,2022-07-26,5-10m,Ammonium_mgm3,0
Yongala,-19.3085,147.6184,10,2022-07-26,5-10m,Nitrate_mgm3,2.8013399999999997
Yongala,-19.3085,147.6184,20,2022-07-26,10-20m,Ammonium_mgm3,0
Yongala,-19.3085,147.6184,20,2022-07-26,10-20m,Nitrate_mgm3,2.8013399999999997
Yongala,-19.3085,147.6184,0,2022-08-16,0-5m,Ammonium_mgm3,0
Yongala,-19.3085,147.6184,0,2022-08-16,0-5m,Nitrate_mgm3,4.202009999999999
Yongala,-19.3085,147.6184,10,2022-08-16,5-10m,Ammonium_mgm3,0
Yongala,-19.3085,147.6184,10,2022-08-16,5-10m,Nitrate_mgm3,2.8013399999999997
Yongala,-19.3085,147.6184,20,2022-08-16,10-20m,Ammonium_mgm3,0
Yongala,-19.3085,147.6184,20,2022-08-16,10-20m,Nitrate_mgm3,2.8013399999999997
Yongala,-19.3085,147.6184,0,2022-09-09,0-5m,Ammonium_mgm3,0.8404019999999998
Yongala,-19.3085,147.6184,0,2022-09-09,0-5m,Nitrate_mgm3,2.8013399999999997
Yongala,-19.3085,147.6184,10,2022-09-09,5-10m,Ammonium_mgm3,0
Yongala,-19.3085,147.6184,10,2022-09-09,5-10m,Nitrate_mgm3,4.202009999999999
Yongala,-19.3085,147.6184,20,2022-09-09,10-20m,Ammonium_mgm3,1.8208709999999997
Yongala,-19.3085,147.6184,20,2022-09-09,10-20m,Nitrate_mgm3,9.804689999999997
Yongala,-19.3085,147.6184,0,2022-10-27,0-5m,Ammonium_mgm3,0
Yongala,-19.3085,147.6184,0,2022-10-27,0-5m,Nitrate_mgm3,2.8013399999999997
Yongala,-19.3085,147.6184,10,2022-10-27,5-10m,Ammonium_mgm3,0
Yongala,-19.3085,147.6184,10,2022-10-27,5-10m,Nitrate_mgm3,2.8013399999999997
Yongala,-19.3085,147.6184,20,2022-10-27,10-20m,Ammonium_mgm3,0
Yongala,-19.3085,147.6184,20,2022-10-27,10-20m,Nitrate_mgm3,2.8013399999999997
Yongala,-19.3085,147.6184,0,2022-11-15,0-5m,Ammonium_mgm3,1.8208709999999997
Yongala,-19.3085,147.6184,0,2022-11-15,0-5m,Nitrate_mgm3,0
Yongala,-19.3085,147.6184,10,2022-11-15,5-10m,Ammonium_mgm3,2.1010049999999993
Yongala,-19.3085,147.6184,10,2022-11-15,5-10m,Nitrate_mgm3,0
Yongala,-19.3085,147.6184,20,2022-11-15,10-20m,Ammonium_mgm3,0.7003349999999999
Yongala,-19.3085,147.6184,20,2022-11-15,10-20m,Nitrate_mgm3,0
Yongala,-19.3085,147.6184,0,2023-01-10,0-5m,Ammonium_mgm3,0
Yongala,-19.3085,147.6184,0,2023-01-10,0-5m,Nitrate_mgm3,0
Yongala,-19.3085,147.6184,10,2023-01-10,5-10m,Ammonium_mgm3,0
Yongala,-19.3085,147.6184,10,2023-01-10,5-10m,Nitrate_mgm3,0
Yongala,-19.3085,147.6184,20,2023-01-10,10-20m,Ammonium_mgm3,0
Yongala,-19.3085,147.6184,20,2023-01-10,10-20m,Nitrate_mgm3,0
Yongala,-19.3085,147.6184,0,2023-01-27,0-5m,Ammonium_mgm3,0
Yongala,-19.3085,147.6184,0,2023-01-27,0-5m,Nitrate_mgm3,0
Yongala,-19.3085,147.6184,10,2023-01-27,5-10m,Ammonium_mgm3,0
Yongala,-19.3085,147.6184,10,2023-01-27,5-10m,Nitrate_mgm3,0
Yongala,-19.3085,147.6184,20,2023-01-27,10-20m,Ammonium_mgm3,0
Yongala,-19.3085,147.6184,20,2023-01-27,10-20m,Nitrate_mgm3,0
Yongala,-19.3085,147.6184,0,2023-02-18,0-5m,Ammonium_mgm3,0
Yongala,-19.3085,147.6184,0,2023-02-18,0-5m,Nitrate_mgm3,0
Yongala,-19.3085,147.6184,10,2023-02-18,5-10m,Ammonium_mgm3,0
Yongala,-19.3085,147.6184,10,2023-02-18,5-10m,Nitrate_mgm3,0
Yongala,-19.3085,147.6184,20,2023-02-18,10-20m,Ammonium_mgm3,3.2215409999999993
Yongala,-19.3085,147.6184,20,2023-02-18,10-20m,Nitrate_mgm3,0
Yongala,-19.3085,147.6184,0,2023-05-16,0-5m,Ammonium_mgm3,0
Yongala,-19.3085,147.6184,0,2023-05-16,0-5m,Nitrate_mgm3,0
Yongala,-19.3085,147.6184,10,2023-05-16,5-10m,Ammonium_mgm3,0
Yongala,-19.3085,147.6184,10,2023-05-16,5-10m,Nitrate_mgm3,0
Yongala,-19.3085,147.6184,20,2023-05-16,10-20m,Ammonium_mgm3,0
Yongala,-19.3085,147.6184,20,2023-05-16,10-20m,Nitrate_mgm3,0
Yongala,-19.3085,147.6184,0,2023-06-15,0-5m,Ammonium_mgm3,0
Yongala,-19.3085,147.6184,0,2023-06-15,0-5m,Nitrate_mgm3,0
Yongala,-19.3085,147.6184,10,2023-06-15,5-10m,Ammonium_mgm3,0
Yongala,-19.3085,147.6184,10,2023-06-15,5-10m,Nitrate_mgm3,0
Yongala,-19.3085,147.6184,20,2023-06-15,10-20m,Ammonium_mgm3,0
Yongala,-19.3085,147.6184,20,2023-06-15,10-20m,Nitrate_mgm3,0
Yongala,-19.3085,147.6184,0,2023-08-06,0-5m,Ammonium_mgm3,0
Yongala,-19.3085,147.6184,0,2023-08-06,0-5m,Nitrate_mgm3,0
Yongala,-19.3085,147.6184,10,2023-08-06,5-10m,Ammonium_mgm3,0
Yongala,-19.3085,147.6184,10,2023-08-06,5-10m,Nitrate_mgm3,0
Yongala,-19.3085,147.6184,20,2023-08-06,10-20m,Ammonium_mgm3,0
Yongala,-19.3085,147.6184,20,2023-08-06,10-20m,Nitrate_mgm3,0
Yongala,-19.3085,147.6184,0,2023-08-31,0-5m,Ammonium_mgm3,0
Yongala,-19.3085,147.6184,0,2023-08-31,0-5m,Nitrate_mgm3,0
Yongala,-19.3085,147.6184,10,2023-08-31,5-10m,Ammonium_mgm3,0
Yongala,-19.3085,147.6184,10,2023-08-31,5-10m,Nitrate_mgm3,0
Yongala,-19.3085,147.6184,20,2023-08-31,10-20m,Ammonium_mgm3,0
Yongala,-19.3085,147.6184,20,2023-08-31,10-20m,Nitrate_mgm3,0
Yongala,-19.3085,147.6184,0,2023-09-19,0-5m,Ammonium_mgm3,0
Yongala,-19.3085,147.6184,0,2023-09-19,0-5m,Nitrate_mgm3,0
Yongala,-19.3085,147.6184,10,2023-09-19,5-10m,Ammonium_mgm3,0
Yongala,-19.3085,147.6184,10,2023-09-19,5-10m,Nitrate_mgm3,0
Yongala,-19.3085,147.6184,20,2023-09-19,10-20m,Ammonium_mgm3,0
Yongala,-19.3085,147.6184,20,2023-09-19,10-20m,Nitrate_mgm3,0
Yongala,-19.3085,147.6184,0,2023-10-05,0-5m,Ammonium_mgm3,0
Yongala,-19.3085,147.6184,0,2023-10-05,0-5m,Nitrate_mgm3,0
Yongala,-19.3085,147.6184,10,2023-10-05,5-10m,Ammonium_mgm3,0
Yongala,-19.3085,147.6184,10,2023-10-05,5-10m,Nitrate_mgm3,0
Yongala,-19.3085,147.6184,20,2023-10-05,10-20m,Ammonium_mgm3,0
Yongala,-19.3085,147.6184,20,2023-10-05,10-20m,Nitrate_mgm3,0
Yongala,-19.3085,147.6184,0,2023-10-20,0-5m,Ammonium_mgm3,0
Yongala,-19.3085,147.6184,0,2023-10-20,0-5m,Nitrate_mgm3,0
Yongala,-19.3085,147.6184,10,2023-10-20,5-10m,Ammonium_mgm3,0
Yongala,-19.3085,147.6184,10,2023-10-20,5-10m,Nitrate_mgm3,0
Yongala,-19.3085,147.6184,20,2023-10-20,10-20m,Ammonium_mgm3,0
Yongala,-19.3085,147.6184,20,2023-10-20,10-20m,Nitrate_mgm3,0
Yongala,-19.3085,147.6184,0,2023-11-15,0-5m,Ammonium_mgm3,0
Yongala,-19.3085,147.6184,0,2023-11-15,0-5m,Nitrate_mgm3,0
Yongala,-19.3085,147.6184,10,2023-11-15,5-10m,Ammonium_mgm3,0
Yongala,-19.3085,147.6184,10,2023-11-15,5-10m,Nitrate_mgm3,0
Yongala,-19.3085,147.6184,20,2023-11-15,10-20m,Ammonium_mgm3,0
Yongala,-19.3085,147.6184,20,2023-11-15,10-20m,Nitrate_mgm3,0
Yongala,-19.3085,147.6184,0,2023-12-20,0-5m,Ammonium_mgm3,0
Yongala,-19.3085,147.6184,0,2023-12-20,0-5m,Nitrate_mgm3,0
Yongala,-19.3085,147.6184,10,2023-12-20,5-10m,Ammonium_mgm3,0
Yongala,-19.3085,147.6184,10,2023-12-20,5-10m,Nitrate_mgm3,0
Yongala,-19.3085,147.6184,20,2023-12-20,10-20m,Ammonium_mgm3,0
Yongala,-19.3085,147.6184,20,2023-12-20,10-20m,Nitrate_mgm3,0
Yongala,-19.3085,147.6184,0,2024-02-15,0-5m,Ammonium_mgm3,1.6808039999999995
Yongala,-19.3085,147.6184,0,2024-02-15,0-5m,Nitrate_mgm3,0
Yongala,-19.3085,147.6184,10,2024-02-15,5-10m,Ammonium_mgm3,0
Yongala,-19.3085,147.6184,10,2024-02-15,5-10m,Nitrate_mgm3,0
Yongala,-19.3085,147.6184,20,2024-02-15,10-20m,Ammonium_mgm3,0.8404019999999998
Yongala,-19.3085,147.6184,20,2024-02-15,10-20m,Nitrate_mgm3,0
Yongala,-19.3085,147.6184,0,2024-03-04,0-5m,Ammonium_mgm3,0
Yongala,-19.3085,147.6184,0,2024-03-04,0-5m,Nitrate_mgm3,0
Yongala,-19.3085,147.6184,10,2024-03-04,5-10m,Ammonium_mgm3,0.7003349999999999
Yongala,-19.3085,147.6184,10,2024-03-04,5-10m,Nitrate_mgm3,0
Yongala,-19.3085,147.6184,20,2024-03-04,10-20m,Ammonium_mgm3,0
Yongala,-19.3085,147.6184,20,2024-03-04,10-20m,Nitrate_mgm3,0
